"Site","SNP","N","WT_N","Mix_N","Mut_N","genotype","prev"
"Kamwezi","arps10_V127M",100,100,0,0,"WT_f",100
"Kamwezi","arps10_V127M",100,100,0,0,"Mix_f",0
"Kamwezi","arps10_V127M",100,100,0,0,"Mut_f",0
"Maziba","arps10_V127M",69,69,0,0,"WT_f",100
"Maziba","arps10_V127M",69,69,0,0,"Mix_f",0
"Maziba","arps10_V127M",69,69,0,0,"Mut_f",0
"Muko","arps10_V127M",105,105,0,0,"WT_f",100
"Muko","arps10_V127M",105,105,0,0,"Mix_f",0
"Muko","arps10_V127M",105,105,0,0,"Mut_f",0
"Kamwezi","crt_73",100,100,0,0,"WT_f",100
"Kamwezi","crt_73",100,100,0,0,"Mix_f",0
"Kamwezi","crt_73",100,100,0,0,"Mut_f",0
"Maziba","crt_73",69,69,0,0,"WT_f",100
"Maziba","crt_73",69,69,0,0,"Mix_f",0
"Maziba","crt_73",69,69,0,0,"Mut_f",0
"Muko","crt_73",105,105,0,0,"WT_f",100
"Muko","crt_73",105,105,0,0,"Mix_f",0
"Muko","crt_73",105,105,0,0,"Mut_f",0
"Kamwezi","crt_C72A",100,100,0,0,"WT_f",100
"Kamwezi","crt_C72A",100,100,0,0,"Mix_f",0
"Kamwezi","crt_C72A",100,100,0,0,"Mut_f",0
"Maziba","crt_C72A",69,69,0,0,"WT_f",100
"Maziba","crt_C72A",69,69,0,0,"Mix_f",0
"Maziba","crt_C72A",69,69,0,0,"Mut_f",0
"Muko","crt_C72A",105,105,0,0,"WT_f",100
"Muko","crt_C72A",105,105,0,0,"Mix_f",0
"Muko","crt_C72A",105,105,0,0,"Mut_f",0
"Kamwezi","crt_E75N",100,100,0,0,"WT_f",100
"Kamwezi","crt_E75N",100,100,0,0,"Mix_f",0
"Kamwezi","crt_E75N",100,100,0,0,"Mut_f",0
"Maziba","crt_E75N",69,69,0,0,"WT_f",100
"Maziba","crt_E75N",69,69,0,0,"Mix_f",0
"Maziba","crt_E75N",69,69,0,0,"Mut_f",0
"Muko","crt_E75N",105,103,1,1,"WT_f",98.1
"Muko","crt_E75N",105,103,1,1,"Mix_f",1
"Muko","crt_E75N",105,103,1,1,"Mut_f",1
"Kamwezi","crt_K76T",100,100,0,0,"WT_f",100
"Kamwezi","crt_K76T",100,100,0,0,"Mix_f",0
"Kamwezi","crt_K76T",100,100,0,0,"Mut_f",0
"Maziba","crt_K76T",69,69,0,0,"WT_f",100
"Maziba","crt_K76T",69,69,0,0,"Mix_f",0
"Maziba","crt_K76T",69,69,0,0,"Mut_f",0
"Muko","crt_K76T",105,103,1,1,"WT_f",98.1
"Muko","crt_K76T",105,103,1,1,"Mix_f",1
"Muko","crt_K76T",105,103,1,1,"Mut_f",1
"Kamwezi","crt_M74I",100,100,0,0,"WT_f",100
"Kamwezi","crt_M74I",100,100,0,0,"Mix_f",0
"Kamwezi","crt_M74I",100,100,0,0,"Mut_f",0
"Maziba","crt_M74I",69,69,0,0,"WT_f",100
"Maziba","crt_M74I",69,69,0,0,"Mix_f",0
"Maziba","crt_M74I",69,69,0,0,"Mut_f",0
"Muko","crt_M74I",105,103,1,1,"WT_f",98.1
"Muko","crt_M74I",105,103,1,1,"Mix_f",1
"Muko","crt_M74I",105,103,1,1,"Mut_f",1
"Kamwezi","dhfr_185",100,100,0,0,"WT_f",100
"Kamwezi","dhfr_185",100,100,0,0,"Mix_f",0
"Kamwezi","dhfr_185",100,100,0,0,"Mut_f",0
"Maziba","dhfr_185",68,68,0,0,"WT_f",100
"Maziba","dhfr_185",68,68,0,0,"Mix_f",0
"Maziba","dhfr_185",68,68,0,0,"Mut_f",0
"Muko","dhfr_185",105,105,0,0,"WT_f",100
"Muko","dhfr_185",105,105,0,0,"Mix_f",0
"Muko","dhfr_185",105,105,0,0,"Mut_f",0
"Kamwezi","dhfr_A16V",100,100,0,0,"WT_f",100
"Kamwezi","dhfr_A16V",100,100,0,0,"Mix_f",0
"Kamwezi","dhfr_A16V",100,100,0,0,"Mut_f",0
"Maziba","dhfr_A16V",69,69,0,0,"WT_f",100
"Maziba","dhfr_A16V",69,69,0,0,"Mix_f",0
"Maziba","dhfr_A16V",69,69,0,0,"Mut_f",0
"Muko","dhfr_A16V",105,105,0,0,"WT_f",100
"Muko","dhfr_A16V",105,105,0,0,"Mix_f",0
"Muko","dhfr_A16V",105,105,0,0,"Mut_f",0
"Kamwezi","dhfr_C59R",100,0,99,1,"WT_f",0
"Kamwezi","dhfr_C59R",100,0,99,1,"Mix_f",99
"Kamwezi","dhfr_C59R",100,0,99,1,"Mut_f",1
"Maziba","dhfr_C59R",69,1,67,1,"WT_f",1.4
"Maziba","dhfr_C59R",69,1,67,1,"Mix_f",97.1
"Maziba","dhfr_C59R",69,1,67,1,"Mut_f",1.4
"Muko","dhfr_C59R",105,0,99,6,"WT_f",0
"Muko","dhfr_C59R",105,0,99,6,"Mix_f",94.3
"Muko","dhfr_C59R",105,0,99,6,"Mut_f",5.7
"Kamwezi","dhfr_I164L",100,46,42,12,"WT_f",46
"Kamwezi","dhfr_I164L",100,46,42,12,"Mix_f",42
"Kamwezi","dhfr_I164L",100,46,42,12,"Mut_f",12
"Maziba","dhfr_I164L",69,31,21,17,"WT_f",44.9
"Maziba","dhfr_I164L",69,31,21,17,"Mix_f",30.4
"Maziba","dhfr_I164L",69,31,21,17,"Mut_f",24.6
"Muko","dhfr_I164L",105,40,34,31,"WT_f",38.1
"Muko","dhfr_I164L",105,40,34,31,"Mix_f",32.4
"Muko","dhfr_I164L",105,40,34,31,"Mut_f",29.5
"Kamwezi","dhfr_N51I",100,0,100,0,"WT_f",0
"Kamwezi","dhfr_N51I",100,0,100,0,"Mix_f",100
"Kamwezi","dhfr_N51I",100,0,100,0,"Mut_f",0
"Maziba","dhfr_N51I",69,0,69,0,"WT_f",0
"Maziba","dhfr_N51I",69,0,69,0,"Mix_f",100
"Maziba","dhfr_N51I",69,0,69,0,"Mut_f",0
"Muko","dhfr_N51I",105,0,105,0,"WT_f",0
"Muko","dhfr_N51I",105,0,105,0,"Mix_f",100
"Muko","dhfr_N51I",105,0,105,0,"Mut_f",0
"Kamwezi","dhfr_S108N",100,0,100,0,"WT_f",0
"Kamwezi","dhfr_S108N",100,0,100,0,"Mix_f",100
"Kamwezi","dhfr_S108N",100,0,100,0,"Mut_f",0
"Maziba","dhfr_S108N",69,0,69,0,"WT_f",0
"Maziba","dhfr_S108N",69,0,69,0,"Mix_f",100
"Maziba","dhfr_S108N",69,0,69,0,"Mut_f",0
"Muko","dhfr_S108N",105,0,105,0,"WT_f",0
"Muko","dhfr_S108N",105,0,105,0,"Mix_f",100
"Muko","dhfr_S108N",105,0,105,0,"Mut_f",0
"Kamwezi","dhps_A581G",100,58,27,15,"WT_f",58
"Kamwezi","dhps_A581G",100,58,27,15,"Mix_f",27
"Kamwezi","dhps_A581G",100,58,27,15,"Mut_f",15
"Maziba","dhps_A581G",69,36,19,14,"WT_f",52.2
"Maziba","dhps_A581G",69,36,19,14,"Mix_f",27.5
"Maziba","dhps_A581G",69,36,19,14,"Mut_f",20.3
"Muko","dhps_A581G",105,60,15,30,"WT_f",57.1
"Muko","dhps_A581G",105,60,15,30,"Mix_f",14.3
"Muko","dhps_A581G",105,60,15,30,"Mut_f",28.6
"Kamwezi","dhps_A613S",100,100,0,0,"WT_f",100
"Kamwezi","dhps_A613S",100,100,0,0,"Mix_f",0
"Kamwezi","dhps_A613S",100,100,0,0,"Mut_f",0
"Maziba","dhps_A613S",68,68,0,0,"WT_f",100
"Maziba","dhps_A613S",68,68,0,0,"Mix_f",0
"Maziba","dhps_A613S",68,68,0,0,"Mut_f",0
"Muko","dhps_A613S",104,104,0,0,"WT_f",100
"Muko","dhps_A613S",104,104,0,0,"Mix_f",0
"Muko","dhps_A613S",104,104,0,0,"Mut_f",0
"Kamwezi","dhps_G437A",100,98,1,1,"WT_f",98
"Kamwezi","dhps_G437A",100,98,1,1,"Mix_f",1
"Kamwezi","dhps_G437A",100,98,1,1,"Mut_f",1
"Maziba","dhps_G437A",69,69,0,0,"WT_f",100
"Maziba","dhps_G437A",69,69,0,0,"Mix_f",0
"Maziba","dhps_G437A",69,69,0,0,"Mut_f",0
"Muko","dhps_G437A",105,103,0,2,"WT_f",98.1
"Muko","dhps_G437A",105,103,0,2,"Mix_f",0
"Muko","dhps_G437A",105,103,0,2,"Mut_f",1.9
"Kamwezi","dhps_I431V",100,100,0,0,"WT_f",100
"Kamwezi","dhps_I431V",100,100,0,0,"Mix_f",0
"Kamwezi","dhps_I431V",100,100,0,0,"Mut_f",0
"Maziba","dhps_I431V",69,69,0,0,"WT_f",100
"Maziba","dhps_I431V",69,69,0,0,"Mix_f",0
"Maziba","dhps_I431V",69,69,0,0,"Mut_f",0
"Muko","dhps_I431V",105,105,0,0,"WT_f",100
"Muko","dhps_I431V",105,105,0,0,"Mix_f",0
"Muko","dhps_I431V",105,105,0,0,"Mut_f",0
"Kamwezi","dhps_K540E",100,1,98,1,"WT_f",1
"Kamwezi","dhps_K540E",100,1,98,1,"Mix_f",98
"Kamwezi","dhps_K540E",100,1,98,1,"Mut_f",1
"Maziba","dhps_K540E",69,0,68,1,"WT_f",0
"Maziba","dhps_K540E",69,0,68,1,"Mix_f",98.6
"Maziba","dhps_K540E",69,0,68,1,"Mut_f",1.4
"Muko","dhps_K540E",105,0,103,2,"WT_f",0
"Muko","dhps_K540E",105,0,103,2,"Mix_f",98.1
"Muko","dhps_K540E",105,0,103,2,"Mut_f",1.9
"Kamwezi","exo_E415G",100,100,0,0,"WT_f",100
"Kamwezi","exo_E415G",100,100,0,0,"Mix_f",0
"Kamwezi","exo_E415G",100,100,0,0,"Mut_f",0
"Maziba","exo_E415G",69,69,0,0,"WT_f",100
"Maziba","exo_E415G",69,69,0,0,"Mix_f",0
"Maziba","exo_E415G",69,69,0,0,"Mut_f",0
"Muko","exo_E415G",105,105,0,0,"WT_f",100
"Muko","exo_E415G",105,105,0,0,"Mix_f",0
"Muko","exo_E415G",105,105,0,0,"Mut_f",0
"Kamwezi","fd_D193Y",100,54,36,10,"WT_f",54
"Kamwezi","fd_D193Y",100,54,36,10,"Mix_f",36
"Kamwezi","fd_D193Y",100,54,36,10,"Mut_f",10
"Maziba","fd_D193Y",69,37,20,12,"WT_f",53.6
"Maziba","fd_D193Y",69,37,20,12,"Mix_f",29
"Maziba","fd_D193Y",69,37,20,12,"Mut_f",17.4
"Muko","fd_D193Y",105,44,32,29,"WT_f",41.9
"Muko","fd_D193Y",105,44,32,29,"Mix_f",30.5
"Muko","fd_D193Y",105,44,32,29,"Mut_f",27.6
"Kamwezi","k13_446",100,100,0,0,"WT_f",100
"Kamwezi","k13_446",100,100,0,0,"Mix_f",0
"Kamwezi","k13_446",100,100,0,0,"Mut_f",0
"Maziba","k13_446",69,69,0,0,"WT_f",100
"Maziba","k13_446",69,69,0,0,"Mix_f",0
"Maziba","k13_446",69,69,0,0,"Mut_f",0
"Muko","k13_446",105,105,0,0,"WT_f",100
"Muko","k13_446",105,105,0,0,"Mix_f",0
"Muko","k13_446",105,105,0,0,"Mut_f",0
"Kamwezi","k13_449",100,100,0,0,"WT_f",100
"Kamwezi","k13_449",100,100,0,0,"Mix_f",0
"Kamwezi","k13_449",100,100,0,0,"Mut_f",0
"Maziba","k13_449",69,69,0,0,"WT_f",100
"Maziba","k13_449",69,69,0,0,"Mix_f",0
"Maziba","k13_449",69,69,0,0,"Mut_f",0
"Muko","k13_449",105,105,0,0,"WT_f",100
"Muko","k13_449",105,105,0,0,"Mix_f",0
"Muko","k13_449",105,105,0,0,"Mut_f",0
"Kamwezi","k13_458",100,100,0,0,"WT_f",100
"Kamwezi","k13_458",100,100,0,0,"Mix_f",0
"Kamwezi","k13_458",100,100,0,0,"Mut_f",0
"Maziba","k13_458",69,69,0,0,"WT_f",100
"Maziba","k13_458",69,69,0,0,"Mix_f",0
"Maziba","k13_458",69,69,0,0,"Mut_f",0
"Muko","k13_458",105,105,0,0,"WT_f",100
"Muko","k13_458",105,105,0,0,"Mix_f",0
"Muko","k13_458",105,105,0,0,"Mut_f",0
"Kamwezi","k13_469",100,93,7,0,"WT_f",93
"Kamwezi","k13_469",100,93,7,0,"Mix_f",7
"Kamwezi","k13_469",100,93,7,0,"Mut_f",0
"Maziba","k13_469",69,64,5,0,"WT_f",92.8
"Maziba","k13_469",69,64,5,0,"Mix_f",7.2
"Maziba","k13_469",69,64,5,0,"Mut_f",0
"Muko","k13_469",105,103,1,1,"WT_f",98.1
"Muko","k13_469",105,103,1,1,"Mix_f",1
"Muko","k13_469",105,103,1,1,"Mut_f",1
"Kamwezi","k13_480",100,100,0,0,"WT_f",100
"Kamwezi","k13_480",100,100,0,0,"Mix_f",0
"Kamwezi","k13_480",100,100,0,0,"Mut_f",0
"Maziba","k13_480",69,69,0,0,"WT_f",100
"Maziba","k13_480",69,69,0,0,"Mix_f",0
"Maziba","k13_480",69,69,0,0,"Mut_f",0
"Muko","k13_480",105,105,0,0,"WT_f",100
"Muko","k13_480",105,105,0,0,"Mix_f",0
"Muko","k13_480",105,105,0,0,"Mut_f",0
"Kamwezi","k13_481",100,100,0,0,"WT_f",100
"Kamwezi","k13_481",100,100,0,0,"Mix_f",0
"Kamwezi","k13_481",100,100,0,0,"Mut_f",0
"Maziba","k13_481",69,69,0,0,"WT_f",100
"Maziba","k13_481",69,69,0,0,"Mix_f",0
"Maziba","k13_481",69,69,0,0,"Mut_f",0
"Muko","k13_481",105,105,0,0,"WT_f",100
"Muko","k13_481",105,105,0,0,"Mix_f",0
"Muko","k13_481",105,105,0,0,"Mut_f",0
"Kamwezi","k13_483",100,100,0,0,"WT_f",100
"Kamwezi","k13_483",100,100,0,0,"Mix_f",0
"Kamwezi","k13_483",100,100,0,0,"Mut_f",0
"Maziba","k13_483",69,69,0,0,"WT_f",100
"Maziba","k13_483",69,69,0,0,"Mix_f",0
"Maziba","k13_483",69,69,0,0,"Mut_f",0
"Muko","k13_483",105,105,0,0,"WT_f",100
"Muko","k13_483",105,105,0,0,"Mix_f",0
"Muko","k13_483",105,105,0,0,"Mut_f",0
"Kamwezi","k13_493",100,100,0,0,"WT_f",100
"Kamwezi","k13_493",100,100,0,0,"Mix_f",0
"Kamwezi","k13_493",100,100,0,0,"Mut_f",0
"Maziba","k13_493",69,69,0,0,"WT_f",100
"Maziba","k13_493",69,69,0,0,"Mix_f",0
"Maziba","k13_493",69,69,0,0,"Mut_f",0
"Muko","k13_493",105,105,0,0,"WT_f",100
"Muko","k13_493",105,105,0,0,"Mix_f",0
"Muko","k13_493",105,105,0,0,"Mut_f",0
"Kamwezi","k13_537",100,100,0,0,"WT_f",100
"Kamwezi","k13_537",100,100,0,0,"Mix_f",0
"Kamwezi","k13_537",100,100,0,0,"Mut_f",0
"Maziba","k13_537",69,69,0,0,"WT_f",100
"Maziba","k13_537",69,69,0,0,"Mix_f",0
"Maziba","k13_537",69,69,0,0,"Mut_f",0
"Muko","k13_537",105,105,0,0,"WT_f",100
"Muko","k13_537",105,105,0,0,"Mix_f",0
"Muko","k13_537",105,105,0,0,"Mut_f",0
"Kamwezi","k13_544",100,100,0,0,"WT_f",100
"Kamwezi","k13_544",100,100,0,0,"Mix_f",0
"Kamwezi","k13_544",100,100,0,0,"Mut_f",0
"Maziba","k13_544",69,69,0,0,"WT_f",100
"Maziba","k13_544",69,69,0,0,"Mix_f",0
"Maziba","k13_544",69,69,0,0,"Mut_f",0
"Muko","k13_544",105,105,0,0,"WT_f",100
"Muko","k13_544",105,105,0,0,"Mix_f",0
"Muko","k13_544",105,105,0,0,"Mut_f",0
"Kamwezi","k13_546",100,100,0,0,"WT_f",100
"Kamwezi","k13_546",100,100,0,0,"Mix_f",0
"Kamwezi","k13_546",100,100,0,0,"Mut_f",0
"Maziba","k13_546",69,69,0,0,"WT_f",100
"Maziba","k13_546",69,69,0,0,"Mix_f",0
"Maziba","k13_546",69,69,0,0,"Mut_f",0
"Muko","k13_546",105,105,0,0,"WT_f",100
"Muko","k13_546",105,105,0,0,"Mix_f",0
"Muko","k13_546",105,105,0,0,"Mut_f",0
"Kamwezi","k13_598",100,100,0,0,"WT_f",100
"Kamwezi","k13_598",100,100,0,0,"Mix_f",0
"Kamwezi","k13_598",100,100,0,0,"Mut_f",0
"Maziba","k13_598",68,68,0,0,"WT_f",100
"Maziba","k13_598",68,68,0,0,"Mix_f",0
"Maziba","k13_598",68,68,0,0,"Mut_f",0
"Muko","k13_598",105,105,0,0,"WT_f",100
"Muko","k13_598",105,105,0,0,"Mix_f",0
"Muko","k13_598",105,105,0,0,"Mut_f",0
"Kamwezi","k13_607",100,100,0,0,"WT_f",100
"Kamwezi","k13_607",100,100,0,0,"Mix_f",0
"Kamwezi","k13_607",100,100,0,0,"Mut_f",0
"Maziba","k13_607",68,68,0,0,"WT_f",100
"Maziba","k13_607",68,68,0,0,"Mix_f",0
"Maziba","k13_607",68,68,0,0,"Mut_f",0
"Muko","k13_607",105,105,0,0,"WT_f",100
"Muko","k13_607",105,105,0,0,"Mix_f",0
"Muko","k13_607",105,105,0,0,"Mut_f",0
"Kamwezi","k13_631",100,100,0,0,"WT_f",100
"Kamwezi","k13_631",100,100,0,0,"Mix_f",0
"Kamwezi","k13_631",100,100,0,0,"Mut_f",0
"Maziba","k13_631",69,69,0,0,"WT_f",100
"Maziba","k13_631",69,69,0,0,"Mix_f",0
"Maziba","k13_631",69,69,0,0,"Mut_f",0
"Muko","k13_631",104,104,0,0,"WT_f",100
"Muko","k13_631",104,104,0,0,"Mix_f",0
"Muko","k13_631",104,104,0,0,"Mut_f",0
"Kamwezi","k13_641",100,100,0,0,"WT_f",100
"Kamwezi","k13_641",100,100,0,0,"Mix_f",0
"Kamwezi","k13_641",100,100,0,0,"Mut_f",0
"Maziba","k13_641",69,69,0,0,"WT_f",100
"Maziba","k13_641",69,69,0,0,"Mix_f",0
"Maziba","k13_641",69,69,0,0,"Mut_f",0
"Muko","k13_641",104,104,0,0,"WT_f",100
"Muko","k13_641",104,104,0,0,"Mix_f",0
"Muko","k13_641",104,104,0,0,"Mut_f",0
"Kamwezi","k13_656",100,100,0,0,"WT_f",100
"Kamwezi","k13_656",100,100,0,0,"Mix_f",0
"Kamwezi","k13_656",100,100,0,0,"Mut_f",0
"Maziba","k13_656",69,69,0,0,"WT_f",100
"Maziba","k13_656",69,69,0,0,"Mix_f",0
"Maziba","k13_656",69,69,0,0,"Mut_f",0
"Muko","k13_656",104,104,0,0,"WT_f",100
"Muko","k13_656",104,104,0,0,"Mix_f",0
"Muko","k13_656",104,104,0,0,"Mut_f",0
"Kamwezi","k13_659",100,100,0,0,"WT_f",100
"Kamwezi","k13_659",100,100,0,0,"Mix_f",0
"Kamwezi","k13_659",100,100,0,0,"Mut_f",0
"Maziba","k13_659",69,69,0,0,"WT_f",100
"Maziba","k13_659",69,69,0,0,"Mix_f",0
"Maziba","k13_659",69,69,0,0,"Mut_f",0
"Muko","k13_659",104,104,0,0,"WT_f",100
"Muko","k13_659",104,104,0,0,"Mix_f",0
"Muko","k13_659",104,104,0,0,"Mut_f",0
"Kamwezi","k13_661",100,100,0,0,"WT_f",100
"Kamwezi","k13_661",100,100,0,0,"Mix_f",0
"Kamwezi","k13_661",100,100,0,0,"Mut_f",0
"Maziba","k13_661",69,69,0,0,"WT_f",100
"Maziba","k13_661",69,69,0,0,"Mix_f",0
"Maziba","k13_661",69,69,0,0,"Mut_f",0
"Muko","k13_661",104,104,0,0,"WT_f",100
"Muko","k13_661",104,104,0,0,"Mix_f",0
"Muko","k13_661",104,104,0,0,"Mut_f",0
"Kamwezi","k13_A578S",100,100,0,0,"WT_f",100
"Kamwezi","k13_A578S",100,100,0,0,"Mix_f",0
"Kamwezi","k13_A578S",100,100,0,0,"Mut_f",0
"Maziba","k13_A578S",69,67,0,2,"WT_f",97.1
"Maziba","k13_A578S",69,67,0,2,"Mix_f",0
"Maziba","k13_A578S",69,67,0,2,"Mut_f",2.9
"Muko","k13_A578S",105,105,0,0,"WT_f",100
"Muko","k13_A578S",105,105,0,0,"Mix_f",0
"Muko","k13_A578S",105,105,0,0,"Mut_f",0
"Kamwezi","k13_A675V",100,96,0,4,"WT_f",96
"Kamwezi","k13_A675V",100,96,0,4,"Mix_f",0
"Kamwezi","k13_A675V",100,96,0,4,"Mut_f",4
"Maziba","k13_A675V",69,63,2,4,"WT_f",91.3
"Maziba","k13_A675V",69,63,2,4,"Mix_f",2.9
"Maziba","k13_A675V",69,63,2,4,"Mut_f",5.8
"Muko","k13_A675V",104,97,1,6,"WT_f",93.3
"Muko","k13_A675V",104,97,1,6,"Mix_f",1
"Muko","k13_A675V",104,97,1,6,"Mut_f",5.8
"Kamwezi","k13_C469F",100,93,4,3,"WT_f",93
"Kamwezi","k13_C469F",100,93,4,3,"Mix_f",4
"Kamwezi","k13_C469F",100,93,4,3,"Mut_f",3
"Maziba","k13_C469F",69,66,3,0,"WT_f",95.7
"Maziba","k13_C469F",69,66,3,0,"Mix_f",4.3
"Maziba","k13_C469F",69,66,3,0,"Mut_f",0
"Muko","k13_C469F",105,104,0,1,"WT_f",99
"Muko","k13_C469F",105,104,0,1,"Mix_f",0
"Muko","k13_C469F",105,104,0,1,"Mut_f",1
"Kamwezi","k13_C469Y",100,100,0,0,"WT_f",100
"Kamwezi","k13_C469Y",100,100,0,0,"Mix_f",0
"Kamwezi","k13_C469Y",100,100,0,0,"Mut_f",0
"Maziba","k13_C469Y",69,67,2,0,"WT_f",97.1
"Maziba","k13_C469Y",69,67,2,0,"Mix_f",2.9
"Maziba","k13_C469Y",69,67,2,0,"Mut_f",0
"Muko","k13_C469Y",105,104,0,1,"WT_f",99
"Muko","k13_C469Y",105,104,0,1,"Mix_f",0
"Muko","k13_C469Y",105,104,0,1,"Mut_f",1
"Kamwezi","k13_C580Y",100,100,0,0,"WT_f",100
"Kamwezi","k13_C580Y",100,100,0,0,"Mix_f",0
"Kamwezi","k13_C580Y",100,100,0,0,"Mut_f",0
"Maziba","k13_C580Y",69,69,0,0,"WT_f",100
"Maziba","k13_C580Y",69,69,0,0,"Mix_f",0
"Maziba","k13_C580Y",69,69,0,0,"Mut_f",0
"Muko","k13_C580Y",105,105,0,0,"WT_f",100
"Muko","k13_C580Y",105,105,0,0,"Mix_f",0
"Muko","k13_C580Y",105,105,0,0,"Mut_f",0
"Kamwezi","k13_E596K",100,100,0,0,"WT_f",100
"Kamwezi","k13_E596K",100,100,0,0,"Mix_f",0
"Kamwezi","k13_E596K",100,100,0,0,"Mut_f",0
"Maziba","k13_E596K",68,68,0,0,"WT_f",100
"Maziba","k13_E596K",68,68,0,0,"Mix_f",0
"Maziba","k13_E596K",68,68,0,0,"Mut_f",0
"Muko","k13_E596K",105,105,0,0,"WT_f",100
"Muko","k13_E596K",105,105,0,0,"Mix_f",0
"Muko","k13_E596K",105,105,0,0,"Mut_f",0
"Kamwezi","k13_E605G",100,100,0,0,"WT_f",100
"Kamwezi","k13_E605G",100,100,0,0,"Mix_f",0
"Kamwezi","k13_E605G",100,100,0,0,"Mut_f",0
"Maziba","k13_E605G",68,68,0,0,"WT_f",100
"Maziba","k13_E605G",68,68,0,0,"Mix_f",0
"Maziba","k13_E605G",68,68,0,0,"Mut_f",0
"Muko","k13_E605G",105,105,0,0,"WT_f",100
"Muko","k13_E605G",105,105,0,0,"Mix_f",0
"Muko","k13_E605G",105,105,0,0,"Mut_f",0
"Kamwezi","k13_F442L",100,100,0,0,"WT_f",100
"Kamwezi","k13_F442L",100,100,0,0,"Mix_f",0
"Kamwezi","k13_F442L",100,100,0,0,"Mut_f",0
"Maziba","k13_F442L",69,69,0,0,"WT_f",100
"Maziba","k13_F442L",69,69,0,0,"Mix_f",0
"Maziba","k13_F442L",69,69,0,0,"Mut_f",0
"Muko","k13_F442L",105,104,1,0,"WT_f",99
"Muko","k13_F442L",105,104,1,0,"Mix_f",1
"Muko","k13_F442L",105,104,1,0,"Mut_f",0
"Kamwezi","k13_G538V",100,100,0,0,"WT_f",100
"Kamwezi","k13_G538V",100,100,0,0,"Mix_f",0
"Kamwezi","k13_G538V",100,100,0,0,"Mut_f",0
"Maziba","k13_G538V",69,69,0,0,"WT_f",100
"Maziba","k13_G538V",69,69,0,0,"Mix_f",0
"Maziba","k13_G538V",69,69,0,0,"Mut_f",0
"Muko","k13_G538V",105,105,0,0,"WT_f",100
"Muko","k13_G538V",105,105,0,0,"Mix_f",0
"Muko","k13_G538V",105,105,0,0,"Mut_f",0
"Kamwezi","k13_I543T",100,100,0,0,"WT_f",100
"Kamwezi","k13_I543T",100,100,0,0,"Mix_f",0
"Kamwezi","k13_I543T",100,100,0,0,"Mut_f",0
"Maziba","k13_I543T",69,69,0,0,"WT_f",100
"Maziba","k13_I543T",69,69,0,0,"Mix_f",0
"Maziba","k13_I543T",69,69,0,0,"Mut_f",0
"Muko","k13_I543T",105,105,0,0,"WT_f",100
"Muko","k13_I543T",105,105,0,0,"Mix_f",0
"Muko","k13_I543T",105,105,0,0,"Mut_f",0
"Kamwezi","k13_K599",100,100,0,0,"WT_f",100
"Kamwezi","k13_K599",100,100,0,0,"Mix_f",0
"Kamwezi","k13_K599",100,100,0,0,"Mut_f",0
"Maziba","k13_K599",68,68,0,0,"WT_f",100
"Maziba","k13_K599",68,68,0,0,"Mix_f",0
"Maziba","k13_K599",68,68,0,0,"Mut_f",0
"Muko","k13_K599",105,105,0,0,"WT_f",100
"Muko","k13_K599",105,105,0,0,"Mix_f",0
"Muko","k13_K599",105,105,0,0,"Mut_f",0
"Kamwezi","k13_M476I",100,100,0,0,"WT_f",100
"Kamwezi","k13_M476I",100,100,0,0,"Mix_f",0
"Kamwezi","k13_M476I",100,100,0,0,"Mut_f",0
"Maziba","k13_M476I",69,69,0,0,"WT_f",100
"Maziba","k13_M476I",69,69,0,0,"Mix_f",0
"Maziba","k13_M476I",69,69,0,0,"Mut_f",0
"Muko","k13_M476I",105,105,0,0,"WT_f",100
"Muko","k13_M476I",105,105,0,0,"Mix_f",0
"Muko","k13_M476I",105,105,0,0,"Mut_f",0
"Kamwezi","k13_P441L",100,78,18,4,"WT_f",78
"Kamwezi","k13_P441L",100,78,18,4,"Mix_f",18
"Kamwezi","k13_P441L",100,78,18,4,"Mut_f",4
"Maziba","k13_P441L",69,62,2,5,"WT_f",89.9
"Maziba","k13_P441L",69,62,2,5,"Mix_f",2.9
"Maziba","k13_P441L",69,62,2,5,"Mut_f",7.2
"Muko","k13_P441L",105,91,10,4,"WT_f",86.7
"Muko","k13_P441L",105,91,10,4,"Mix_f",9.5
"Muko","k13_P441L",105,91,10,4,"Mut_f",3.8
"Kamwezi","k13_P527L",100,100,0,0,"WT_f",100
"Kamwezi","k13_P527L",100,100,0,0,"Mix_f",0
"Kamwezi","k13_P527L",100,100,0,0,"Mut_f",0
"Maziba","k13_P527L",69,69,0,0,"WT_f",100
"Maziba","k13_P527L",69,69,0,0,"Mix_f",0
"Maziba","k13_P527L",69,69,0,0,"Mut_f",0
"Muko","k13_P527L",105,105,0,0,"WT_f",100
"Muko","k13_P527L",105,105,0,0,"Mix_f",0
"Muko","k13_P527L",105,105,0,0,"Mut_f",0
"Kamwezi","k13_P553T",100,100,0,0,"WT_f",100
"Kamwezi","k13_P553T",100,100,0,0,"Mix_f",0
"Kamwezi","k13_P553T",100,100,0,0,"Mut_f",0
"Maziba","k13_P553T",69,69,0,0,"WT_f",100
"Maziba","k13_P553T",69,69,0,0,"Mix_f",0
"Maziba","k13_P553T",69,69,0,0,"Mut_f",0
"Muko","k13_P553T",105,105,0,0,"WT_f",100
"Muko","k13_P553T",105,105,0,0,"Mix_f",0
"Muko","k13_P553T",105,105,0,0,"Mut_f",0
"Kamwezi","k13_P574L",100,100,0,0,"WT_f",100
"Kamwezi","k13_P574L",100,100,0,0,"Mix_f",0
"Kamwezi","k13_P574L",100,100,0,0,"Mut_f",0
"Maziba","k13_P574L",69,69,0,0,"WT_f",100
"Maziba","k13_P574L",69,69,0,0,"Mix_f",0
"Maziba","k13_P574L",69,69,0,0,"Mut_f",0
"Muko","k13_P574L",105,105,0,0,"WT_f",100
"Muko","k13_P574L",105,105,0,0,"Mix_f",0
"Muko","k13_P574L",105,105,0,0,"Mut_f",0
"Kamwezi","k13_R515K",100,100,0,0,"WT_f",100
"Kamwezi","k13_R515K",100,100,0,0,"Mix_f",0
"Kamwezi","k13_R515K",100,100,0,0,"Mut_f",0
"Maziba","k13_R515K",68,68,0,0,"WT_f",100
"Maziba","k13_R515K",68,68,0,0,"Mix_f",0
"Maziba","k13_R515K",68,68,0,0,"Mut_f",0
"Muko","k13_R515K",105,105,0,0,"WT_f",100
"Muko","k13_R515K",105,105,0,0,"Mix_f",0
"Muko","k13_R515K",105,105,0,0,"Mut_f",0
"Kamwezi","k13_R539T",100,100,0,0,"WT_f",100
"Kamwezi","k13_R539T",100,100,0,0,"Mix_f",0
"Kamwezi","k13_R539T",100,100,0,0,"Mut_f",0
"Maziba","k13_R539T",69,69,0,0,"WT_f",100
"Maziba","k13_R539T",69,69,0,0,"Mix_f",0
"Maziba","k13_R539T",69,69,0,0,"Mut_f",0
"Muko","k13_R539T",105,104,1,0,"WT_f",99
"Muko","k13_R539T",105,104,1,0,"Mix_f",1
"Muko","k13_R539T",105,104,1,0,"Mut_f",0
"Kamwezi","k13_R561H",100,82,11,7,"WT_f",82
"Kamwezi","k13_R561H",100,82,11,7,"Mix_f",11
"Kamwezi","k13_R561H",100,82,11,7,"Mut_f",7
"Maziba","k13_R561H",69,68,1,0,"WT_f",98.6
"Maziba","k13_R561H",69,68,1,0,"Mix_f",1.4
"Maziba","k13_R561H",69,68,1,0,"Mut_f",0
"Muko","k13_R561H",105,100,3,2,"WT_f",95.2
"Muko","k13_R561H",105,100,3,2,"Mix_f",2.9
"Muko","k13_R561H",105,100,3,2,"Mut_f",1.9
"Kamwezi","k13_R597G",100,100,0,0,"WT_f",100
"Kamwezi","k13_R597G",100,100,0,0,"Mix_f",0
"Kamwezi","k13_R597G",100,100,0,0,"Mut_f",0
"Maziba","k13_R597G",68,68,0,0,"WT_f",100
"Maziba","k13_R597G",68,68,0,0,"Mix_f",0
"Maziba","k13_R597G",68,68,0,0,"Mut_f",0
"Muko","k13_R597G",105,105,0,0,"WT_f",100
"Muko","k13_R597G",105,105,0,0,"Mix_f",0
"Muko","k13_R597G",105,105,0,0,"Mut_f",0
"Kamwezi","k13_R622I",100,100,0,0,"WT_f",100
"Kamwezi","k13_R622I",100,100,0,0,"Mix_f",0
"Kamwezi","k13_R622I",100,100,0,0,"Mut_f",0
"Maziba","k13_R622I",69,69,0,0,"WT_f",100
"Maziba","k13_R622I",69,69,0,0,"Mix_f",0
"Maziba","k13_R622I",69,69,0,0,"Mut_f",0
"Muko","k13_R622I",104,104,0,0,"WT_f",100
"Muko","k13_R622I",104,104,0,0,"Mix_f",0
"Muko","k13_R622I",104,104,0,0,"Mut_f",0
"Kamwezi","k13_S485R",100,100,0,0,"WT_f",100
"Kamwezi","k13_S485R",100,100,0,0,"Mix_f",0
"Kamwezi","k13_S485R",100,100,0,0,"Mut_f",0
"Maziba","k13_S485R",69,69,0,0,"WT_f",100
"Maziba","k13_S485R",69,69,0,0,"Mix_f",0
"Maziba","k13_S485R",69,69,0,0,"Mut_f",0
"Muko","k13_S485R",105,105,0,0,"WT_f",100
"Muko","k13_S485R",105,105,0,0,"Mix_f",0
"Muko","k13_S485R",105,105,0,0,"Mut_f",0
"Kamwezi","k13_S662",100,100,0,0,"WT_f",100
"Kamwezi","k13_S662",100,100,0,0,"Mix_f",0
"Kamwezi","k13_S662",100,100,0,0,"Mut_f",0
"Maziba","k13_S662",69,69,0,0,"WT_f",100
"Maziba","k13_S662",69,69,0,0,"Mix_f",0
"Maziba","k13_S662",69,69,0,0,"Mut_f",0
"Muko","k13_S662",104,104,0,0,"WT_f",100
"Muko","k13_S662",104,104,0,0,"Mix_f",0
"Muko","k13_S662",104,104,0,0,"Mut_f",0
"Kamwezi","K13_V454F",100,100,0,0,"WT_f",100
"Kamwezi","K13_V454F",100,100,0,0,"Mix_f",0
"Kamwezi","K13_V454F",100,100,0,0,"Mut_f",0
"Maziba","K13_V454F",69,69,0,0,"WT_f",100
"Maziba","K13_V454F",69,69,0,0,"Mix_f",0
"Maziba","K13_V454F",69,69,0,0,"Mut_f",0
"Muko","K13_V454F",105,105,0,0,"WT_f",100
"Muko","K13_V454F",105,105,0,0,"Mix_f",0
"Muko","K13_V454F",105,105,0,0,"Mut_f",0
"Kamwezi","k13_V494I",100,100,0,0,"WT_f",100
"Kamwezi","k13_V494I",100,100,0,0,"Mix_f",0
"Kamwezi","k13_V494I",100,100,0,0,"Mut_f",0
"Maziba","k13_V494I",69,69,0,0,"WT_f",100
"Maziba","k13_V494I",69,69,0,0,"Mix_f",0
"Maziba","k13_V494I",69,69,0,0,"Mut_f",0
"Muko","k13_V494I",105,105,0,0,"WT_f",100
"Muko","k13_V494I",105,105,0,0,"Mix_f",0
"Muko","k13_V494I",105,105,0,0,"Mut_f",0
"Kamwezi","k13_V520G",100,100,0,0,"WT_f",100
"Kamwezi","k13_V520G",100,100,0,0,"Mix_f",0
"Kamwezi","k13_V520G",100,100,0,0,"Mut_f",0
"Maziba","k13_V520G",69,69,0,0,"WT_f",100
"Maziba","k13_V520G",69,69,0,0,"Mix_f",0
"Maziba","k13_V520G",69,69,0,0,"Mut_f",0
"Muko","k13_V520G",105,105,0,0,"WT_f",100
"Muko","k13_V520G",105,105,0,0,"Mix_f",0
"Muko","k13_V520G",105,105,0,0,"Mut_f",0
"Kamwezi","k13_V568G",100,100,0,0,"WT_f",100
"Kamwezi","k13_V568G",100,100,0,0,"Mix_f",0
"Kamwezi","k13_V568G",100,100,0,0,"Mut_f",0
"Maziba","k13_V568G",69,69,0,0,"WT_f",100
"Maziba","k13_V568G",69,69,0,0,"Mix_f",0
"Maziba","k13_V568G",69,69,0,0,"Mut_f",0
"Muko","k13_V568G",105,105,0,0,"WT_f",100
"Muko","k13_V568G",105,105,0,0,"Mix_f",0
"Muko","k13_V568G",105,105,0,0,"Mut_f",0
"Kamwezi","mdr1_D1246Y",100,96,2,2,"WT_f",96
"Kamwezi","mdr1_D1246Y",100,96,2,2,"Mix_f",2
"Kamwezi","mdr1_D1246Y",100,96,2,2,"Mut_f",2
"Maziba","mdr1_D1246Y",69,67,1,1,"WT_f",97.1
"Maziba","mdr1_D1246Y",69,67,1,1,"Mix_f",1.4
"Maziba","mdr1_D1246Y",69,67,1,1,"Mut_f",1.4
"Muko","mdr1_D1246Y",105,95,3,7,"WT_f",90.5
"Muko","mdr1_D1246Y",105,95,3,7,"Mix_f",2.9
"Muko","mdr1_D1246Y",105,95,3,7,"Mut_f",6.7
"Kamwezi","mdr1_N1042D",100,100,0,0,"WT_f",100
"Kamwezi","mdr1_N1042D",100,100,0,0,"Mix_f",0
"Kamwezi","mdr1_N1042D",100,100,0,0,"Mut_f",0
"Maziba","mdr1_N1042D",69,69,0,0,"WT_f",100
"Maziba","mdr1_N1042D",69,69,0,0,"Mix_f",0
"Maziba","mdr1_N1042D",69,69,0,0,"Mut_f",0
"Muko","mdr1_N1042D",105,105,0,0,"WT_f",100
"Muko","mdr1_N1042D",105,105,0,0,"Mix_f",0
"Muko","mdr1_N1042D",105,105,0,0,"Mut_f",0
"Kamwezi","mdr1_N86Y",100,100,0,0,"WT_f",100
"Kamwezi","mdr1_N86Y",100,100,0,0,"Mix_f",0
"Kamwezi","mdr1_N86Y",100,100,0,0,"Mut_f",0
"Maziba","mdr1_N86Y",69,69,0,0,"WT_f",100
"Maziba","mdr1_N86Y",69,69,0,0,"Mix_f",0
"Maziba","mdr1_N86Y",69,69,0,0,"Mut_f",0
"Muko","mdr1_N86Y",105,105,0,0,"WT_f",100
"Muko","mdr1_N86Y",105,105,0,0,"Mix_f",0
"Muko","mdr1_N86Y",105,105,0,0,"Mut_f",0
"Kamwezi","mdr1_S1034C",100,100,0,0,"WT_f",100
"Kamwezi","mdr1_S1034C",100,100,0,0,"Mix_f",0
"Kamwezi","mdr1_S1034C",100,100,0,0,"Mut_f",0
"Maziba","mdr1_S1034C",69,69,0,0,"WT_f",100
"Maziba","mdr1_S1034C",69,69,0,0,"Mix_f",0
"Maziba","mdr1_S1034C",69,69,0,0,"Mut_f",0
"Muko","mdr1_S1034C",105,105,0,0,"WT_f",100
"Muko","mdr1_S1034C",105,105,0,0,"Mix_f",0
"Muko","mdr1_S1034C",105,105,0,0,"Mut_f",0
"Kamwezi","mdr1_Y184F",100,60,23,17,"WT_f",60
"Kamwezi","mdr1_Y184F",100,60,23,17,"Mix_f",23
"Kamwezi","mdr1_Y184F",100,60,23,17,"Mut_f",17
"Maziba","mdr1_Y184F",69,21,29,19,"WT_f",30.4
"Maziba","mdr1_Y184F",69,21,29,19,"Mix_f",42
"Maziba","mdr1_Y184F",69,21,29,19,"Mut_f",27.5
"Muko","mdr1_Y184F",105,40,35,30,"WT_f",38.1
"Muko","mdr1_Y184F",105,40,35,30,"Mix_f",33.3
"Muko","mdr1_Y184F",105,40,35,30,"Mut_f",28.6
"Kamwezi","mdr2_T484I",100,100,0,0,"WT_f",100
"Kamwezi","mdr2_T484I",100,100,0,0,"Mix_f",0
"Kamwezi","mdr2_T484I",100,100,0,0,"Mut_f",0
"Maziba","mdr2_T484I",69,69,0,0,"WT_f",100
"Maziba","mdr2_T484I",69,69,0,0,"Mix_f",0
"Maziba","mdr2_T484I",69,69,0,0,"Mut_f",0
"Muko","mdr2_T484I",105,105,0,0,"WT_f",100
"Muko","mdr2_T484I",105,105,0,0,"Mix_f",0
"Muko","mdr2_T484I",105,105,0,0,"Mut_f",0
