"barcode","Sample.Site","crt_75","dhfr_51","dhfr_164","dhps_540","k13_442","k13_539","mdr1_184","crt_74","crt_76","dhfr_59","dhfr_108","fd_193","k13_469","k13_561","k13_578","k13_675","mdr1_1246","dhps_437","dhps_581","k13_441"
"IM-23-120-AFIT","Muko",0,2,0,2,0,2,2,0,0,2,2,0,0,0,0,0,0,0,2,0
"IM-23-120-AOQB","Muko",0,2,0,2,0,0,0,0,0,2,2,2,0,0,0,0,0,0,0,2
"IM-23-120-ATBC","Muko",0,2,2,2,0,0,0,0,0,2,2,0,0,0,0,0,2,0,2,0
"IM-23-120-ATSN","Muko",0,2,0,2,0,0,0,0,0,2,2,0,0,0,0,0,0,0,0,0
"IM-23-120-AVGS","Muko",0,2,2,2,2,0,2,0,0,2,2,0,0,0,0,0,0,0,0,0
"IM-23-120-AXGV","Muko",0,2,2,2,0,0,0,0,0,2,2,2,0,0,0,0,0,0,0,0
"IM-23-120-BFIW","Muko",0,2,0,2,0,0,2,0,0,2,2,0,0,0,0,0,0,0,0,0
"IM-23-120-BHTX","Muko",0,2,0,2,0,0,0,0,0,2,2,2,0,0,0,0,0,0,0,0
"IM-23-120-BNZQ","Muko",0,2,2,2,0,0,0,0,0,2,2,2,0,0,0,0,0,0,0,2
"IM-23-120-BXJW","Muko",0,2,0,2,0,0,2,0,0,2,2,0,0,0,0,0,0,0,1,2
"IM-23-120-CAJX","Muko",0,2,0,2,0,0,0,0,0,2,2,2,0,0,0,0,0,0,0,0
"IM-23-120-CBWK","Muko",0,2,2,2,0,0,2,0,0,2,2,0,0,0,0,0,0,0,2,0
"IM-23-120-CINZ","Muko",0,2,0,2,0,0,1,0,0,2,2,2,0,0,0,0,0,0,2,1
"IM-23-120-CLQY","Muko",0,2,0,2,0,0,2,0,0,2,2,0,0,0,0,0,0,0,0,2
"IM-23-120-CVVI","Muko",0,2,0,2,0,0,0,0,0,2,2,2,0,0,0,0,0,0,0,0
"IM-23-120-DLYC","Muko",0,2,2,2,0,0,0,0,0,2,2,0,0,0,0,0,0,0,0,2
"IM-23-120-DNPR","Muko",0,2,0,2,0,0,2,0,0,2,2,1,0,0,0,0,0,0,2,0
"IM-23-120-DTMM","Muko",0,2,2,2,0,0,2,0,0,2,2,2,0,0,0,0,0,0,2,0
"IM-23-120-DTPF","Muko",0,2,0,2,0,0,1,0,0,2,2,1,0,0,0,0,0,0,0,0
"IM-23-120-DUWS","Muko",0,2,2,2,0,0,0,0,0,2,2,0,0,0,0,0,2,0,0,0
"IM-23-120-DWIG","Muko",0,2,1,2,0,0,0,0,0,2,2,0,0,0,0,1,0,0,0,0
"IM-23-120-DWTL","Muko",0,2,0,2,0,0,0,0,0,2,2,2,0,0,0,0,1,0,0,0
"IM-23-120-FGSV","Muko",0,2,0,2,0,0,0,0,0,2,2,0,0,0,0,0,0,0,1,0
"IM-23-120-FJIT","Muko",0,2,1,2,0,0,1,0,0,2,2,0,0,2,0,0,0,0,2,0
"IM-23-120-FVGH","Muko",0,2,0,2,0,0,0,0,0,2,2,2,0,0,0,2,0,0,2,0
"IM-23-120-GOFU","Muko",0,2,0,2,0,0,0,0,0,2,2,0,0,0,0,0,0,0,1,0
"IM-23-120-GQGH","Muko",0,2,1,2,0,0,1,0,0,2,2,0,0,0,0,0,0,0,0,0
"IM-23-120-GVHL","Muko",0,2,1,2,0,0,2,0,0,2,2,0,0,0,0,0,0,0,1,0
"IM-23-120-GVZD","Muko",0,2,0,2,0,0,1,0,0,2,2,2,0,0,0,0,0,0,0,0
"IM-23-120-GYTW","Muko",0,2,2,2,0,0,2,0,0,2,2,2,0,0,0,0,0,0,0,2
"IM-23-120-HAYS","Muko",0,2,0,2,0,0,2,0,0,2,2,0,0,0,0,0,0,0,0,0
"IM-23-120-HKXV","Muko",0,2,2,2,0,0,2,0,0,2,2,0,0,0,0,0,0,0,1,0
"IM-23-120-HNNN","Muko",0,2,1,2,0,0,2,0,0,2,2,2,0,0,0,0,0,0,1,0
"IM-23-120-HNVS","Muko",0,2,0,2,0,0,1,0,0,2,2,0,0,0,0,0,0,0,0,0
"IM-23-120-HPOS","Muko",0,2,0,2,0,0,1,0,0,2,2,0,0,0,0,0,0,0,0,0
"IM-23-120-HYRK","Muko",0,2,2,2,0,0,2,0,0,2,2,2,0,0,0,0,0,0,0,0
"IM-23-120-IBNC","Muko",0,2,1,2,0,0,1,0,0,2,2,0,0,0,0,0,0,0,1,0
"IM-23-120-INSC","Muko",0,2,2,2,0,0,2,0,0,2,2,1,0,0,0,0,0,0,0,0
"IM-23-120-JCSB","Muko",0,2,1,2,0,0,2,0,0,2,2,1,0,0,0,0,0,0,0,0
"IM-23-120-JFXY","Muko",0,2,2,2,0,0,0,0,0,2,2,2,0,0,0,0,0,0,0,0
"IM-23-120-JGUR","Muko",0,2,0,2,0,0,0,0,0,2,2,0,0,0,0,0,0,0,0,0
"IM-23-120-JHSR","Muko",0,2,1,2,0,0,1,0,0,2,2,1,0,0,0,1,0,0,0,0
"IM-23-120-JJDZ","Muko",0,2,0,2,0,0,2,0,0,2,2,0,0,0,0,2,0,0,0,0
"IM-23-120-JPRR","Muko",0,2,0,1,0,0,1,0,0,2,2,0,0,0,0,1,0,1,0,0
"IM-23-120-KAYR","Muko",0,2,2,2,0,0,2,0,0,2,2,2,0,2,0,0,0,0,0,0
"IM-23-120-KIHV","Muko",0,2,2,2,0,0,0,0,0,2,2,2,0,0,0,0,0,0,0,0
"IM-23-120-KJBB","Muko",2,2,2,2,0,0,0,2,2,2,2,0,0,0,0,0,0,0,0,0
"IM-23-120-KKWL","Muko",0,2,0,2,0,0,0,0,0,2,2,0,0,0,0,0,0,0,0,0
"IM-23-120-KPZK","Muko",0,2,0,2,0,0,2,0,0,2,2,0,0,0,0,0,0,0,0,0
"IM-23-120-KSRI","Muko",0,2,1,2,0,0,0,0,0,2,2,1,0,0,0,NA,0,0,1,0
"IM-23-120-KVYX","Muko",0,2,0,2,0,0,0,0,0,2,2,0,0,0,0,0,0,0,0,0
"IM-23-120-LAPH","Muko",0,2,0,2,0,0,0,0,0,2,2,0,0,0,0,0,0,0,1,0
"IM-23-120-LDKS","Muko",0,2,0,2,0,0,2,0,0,2,2,0,0,0,0,0,0,0,0,0
"IM-23-120-LGRX","Muko",0,2,2,2,0,0,1,0,0,2,2,0,0,0,0,0,1,0,1,0
"IM-23-120-LZFX","Muko",0,2,2,2,0,0,2,0,0,2,2,2,0,0,0,0,0,0,0,0
"IM-23-120-MCBK","Muko",0,2,0,2,0,0,0,0,0,2,2,2,0,0,0,0,0,0,0,0
"IM-23-120-MHCH","Muko",0,2,2,2,0,0,2,0,0,2,2,0,0,0,0,0,0,0,1,0
"IM-23-120-MIUG","Muko",0,2,0,2,0,0,0,0,0,2,2,2,0,0,0,0,0,0,1,0
"IM-23-120-MRVB","Muko",0,2,1,2,0,0,0,0,0,2,2,1,0,0,0,0,0,0,1,0
"IM-23-120-MSIC","Muko",0,2,0,2,0,0,2,0,0,1,2,2,0,0,0,0,1,0,2,0
"IM-23-120-MTOL","Muko",0,2,2,2,0,0,1,0,0,2,2,0,0,0,0,0,0,0,1,0
"IM-23-120-NDAD","Muko",0,2,1,2,0,0,1,0,0,1,2,1,0,0,0,0,0,0,1,1
"IM-23-120-NPVB","Muko",0,2,1,2,0,0,1,0,0,2,2,1,1,1,0,0,1,0,1,0
"IM-23-120-NYRL","Muko",0,2,2,2,0,0,0,0,0,2,2,2,0,0,0,0,1,0,1,0
"IM-23-120-OCTB","Muko",0,2,2,2,0,0,0,0,0,2,2,2,0,0,0,0,0,0,2,0
"IM-23-120-ODBS","Muko",0,2,2,2,0,0,0,0,0,2,2,1,0,0,0,0,0,0,1,0
"IM-23-120-OKBU","Muko",0,2,2,2,0,0,0,0,0,2,2,0,0,0,0,0,0,0,0,0
"IM-23-120-OQVN","Muko",0,2,2,2,0,0,0,0,0,2,2,2,0,0,0,0,0,0,0,2
"IM-23-120-OXFO","Muko",1,2,1,2,0,0,0,1,1,2,2,1,0,1,0,0,1,0,0,0
"IM-23-120-OXUG","Muko",0,2,2,2,0,0,0,0,0,2,2,0,0,0,0,0,0,0,0,0
"IM-23-120-PRVH","Muko",0,2,0,2,0,0,2,0,0,2,2,0,0,0,0,2,0,0,1,0
"IM-23-120-PVGK","Muko",0,2,2,2,0,0,0,0,0,2,2,2,0,0,0,0,0,0,0,2
"IM-23-120-QGSV","Muko",0,2,0,2,0,0,0,0,0,2,2,0,0,0,0,0,2,0,0,2
"IM-23-120-QIII","Muko",0,2,1,2,0,0,1,0,0,1,2,1,0,0,0,0,0,0,1,0
"IM-23-120-QVPS","Muko",0,2,0,2,0,0,1,0,0,2,2,0,0,0,0,1,0,0,0,0
"IM-23-120-QZKB","Muko",0,2,2,2,0,0,0,0,0,2,2,0,0,0,0,0,0,0,0,0
"IM-23-120-RHHW","Muko",0,2,0,2,0,0,1,0,0,2,2,0,1,0,0,0,0,0,0,0
"IM-23-120-RQSL","Muko",0,2,0,2,0,0,2,0,0,2,2,0,0,0,0,0,0,0,0,0
"IM-23-120-RUUG","Muko",0,2,1,2,0,0,1,0,0,2,2,2,0,0,0,1,0,0,0,0
"IM-23-120-RYMY","Muko",0,2,2,2,0,0,2,0,0,2,2,2,0,0,0,0,0,0,2,0
"IM-23-120-SMCL","Muko",0,2,0,2,0,0,0,0,0,2,2,1,0,0,0,0,1,0,0,0
"IM-23-120-SSJF","Muko",0,2,1,2,0,0,2,0,0,2,2,1,0,0,0,0,0,0,0,0
"IM-23-120-SXFT","Muko",0,2,1,2,0,0,1,0,0,2,2,2,0,0,0,0,0,0,1,1
"IM-23-120-SXWF","Muko",0,2,1,2,0,0,2,0,0,2,2,2,0,0,0,0,0,0,0,0
"IM-23-120-TGWZ","Muko",0,2,0,2,0,0,0,0,0,2,2,0,0,0,0,0,0,0,0,0
"IM-23-120-TLQG","Muko",0,2,2,2,0,0,1,0,0,2,2,1,0,0,0,0,1,0,1,1
"IM-23-120-TTOM","Muko",0,2,2,2,0,0,2,0,0,2,2,0,0,0,0,0,0,0,2,0
"IM-23-120-TWPU","Muko",0,2,0,2,0,0,2,0,0,1,2,0,0,0,0,0,0,0,0,0
"IM-23-120-TYPZ","Muko",0,2,1,2,0,0,1,0,0,2,2,1,0,0,0,1,0,0,1,0
"IM-23-120-TZQQ","Muko",0,2,1,2,0,0,0,0,0,1,2,1,0,0,0,0,0,0,1,0
"IM-23-120-UCWC","Muko",0,2,0,2,0,0,0,0,0,2,2,1,0,0,0,0,1,0,1,0
"IM-23-120-VAMF","Muko",0,2,2,2,0,0,2,0,0,2,2,0,0,0,0,0,0,0,2,0
"IM-23-120-VOCY","Muko",0,2,2,2,0,0,0,0,0,2,2,2,0,0,0,0,0,0,0,0
"IM-23-120-VQJX","Muko",0,2,2,2,0,0,2,0,0,2,2,2,0,2,0,0,0,0,2,0
"IM-23-120-VUJV","Muko",0,2,0,2,0,0,0,0,0,2,2,2,0,0,0,2,0,0,2,0
"IM-23-120-WMBN","Muko",0,2,0,2,0,0,0,0,0,2,2,1,0,0,0,0,0,0,0,0
"IM-23-120-WMFA","Muko",0,2,0,2,0,0,1,0,0,2,2,0,0,0,0,1,0,0,0,0
"IM-23-120-WMXD","Muko",0,2,1,2,0,0,1,0,0,2,2,1,0,0,0,1,0,0,1,0
"IM-23-120-WPIR","Muko",0,2,1,2,0,0,0,0,0,2,2,1,0,0,0,0,0,0,1,0
"IM-23-120-WWPY","Muko",0,2,1,2,0,0,1,0,0,2,2,2,0,0,0,0,0,0,0,0
"IM-23-120-XCOL","Muko",0,2,1,2,0,0,1,0,0,2,2,1,0,0,0,0,0,0,1,0
"IM-23-120-XDKB","Muko",0,2,2,2,0,0,0,0,0,2,2,2,0,0,0,0,0,0,2,2
"IM-23-120-XFHB","Muko",0,2,1,2,0,0,1,0,0,2,2,1,0,0,0,0,0,0,1,0
"IM-23-120-XVIW","Muko",0,2,1,2,0,0,1,0,0,2,2,1,0,0,0,0,0,0,0,0
"IM-23-120-XXHK","Muko",0,2,2,2,0,0,2,0,0,2,2,0,0,0,0,0,0,0,0,2
"IM-23-120-YIQX","Muko",0,2,1,2,0,0,1,0,0,2,2,0,0,0,0,0,0,0,0,0
"IM-23-120-YMIM","Muko",0,2,0,1,0,0,2,0,0,1,2,1,0,0,0,0,0,1,0,0
"IM-23-120-YOYF","Muko",0,2,2,2,0,0,2,0,0,2,2,2,0,0,0,0,0,0,2,0
"IM-23-120-YRUA","Muko",0,2,2,2,0,0,1,0,0,2,2,1,0,0,0,0,0,0,1,0
"IM-23-120-YTOW","Muko",0,2,1,2,0,0,0,0,0,2,2,0,1,0,0,0,0,0,0,0
"IM-23-120-YWGW","Muko",0,2,1,2,0,0,1,0,0,2,2,1,0,0,0,0,0,0,1,0
"IM-23-120-ZCIQ","Muko",0,2,0,2,0,0,0,0,0,2,2,0,0,0,0,0,0,0,2,2
"IM-23-120-ZIXH","Muko",0,2,0,2,0,0,2,0,0,2,2,2,0,0,0,0,0,0,0,0
"IM-23-120-ZNTD","Muko",0,2,0,2,0,0,0,0,0,2,2,0,0,0,0,0,0,0,0,0
"IM-23-120-ZPBC","Muko",0,2,0,2,0,0,2,0,0,2,2,0,0,0,0,0,0,0,2,0
"IM-23-120-ZQLV","Muko",0,2,0,2,0,0,0,0,0,2,2,0,0,0,0,0,0,0,0,0
"IM-23-120-ZUGR","Muko",0,2,1,2,0,0,0,0,0,2,2,1,0,1,0,0,0,0,0,0
"IM-23-120-ZVXR","Muko",0,2,1,2,0,0,0,0,0,2,2,2,0,0,0,0,0,0,1,2
"IM-23-122-AADO","Maziba",0,2,2,1,0,0,0,0,0,2,2,0,0,0,0,0,0,0,1,0
"IM-23-122-AGLG","Maziba",0,2,1,2,0,0,2,0,0,2,2,0,0,0,0,1,0,0,0,0
"IM-23-122-AYZM","Maziba",0,2,1,2,0,0,1,0,0,2,2,0,0,0,0,0,0,0,1,0
"IM-23-122-BBQQ","Maziba",0,2,0,2,0,0,2,0,0,2,2,2,0,0,0,2,0,0,2,0
"IM-23-122-BLDK","Maziba",0,2,0,2,0,0,0,0,0,2,2,2,0,0,0,0,0,0,0,0
"IM-23-122-CJFA","Maziba",0,2,1,2,0,0,0,0,0,2,2,1,0,0,0,0,0,0,0,0
"IM-23-122-CZIR","Maziba",0,2,0,2,0,0,0,0,0,2,2,0,0,0,0,0,0,0,0,0
"IM-23-122-GBHJ","Maziba",0,2,1,2,0,0,1,0,0,2,2,0,0,0,0,1,0,0,0,0
"IM-23-122-GLML","Maziba",0,2,0,2,0,0,2,0,0,2,2,2,2,0,0,0,0,0,0,0
"IM-23-122-GUJH","Maziba",0,2,1,2,0,0,1,0,0,2,2,2,0,0,0,0,0,0,2,0
"IM-23-122-HJWU","Maziba",0,2,2,2,0,0,2,0,0,2,2,0,0,0,0,0,0,0,0,0
"IM-23-122-HMID","Maziba",0,2,0,2,0,0,2,0,0,2,2,2,0,0,0,0,0,0,0,0
"IM-23-122-HSBS","Maziba",0,2,0,2,0,0,0,0,0,2,2,2,0,0,0,0,0,0,1,0
"IM-23-122-HTXO","Maziba",0,2,2,2,0,0,0,0,0,2,2,0,0,0,0,0,2,0,0,0
"IM-23-122-HWJN","Maziba",0,2,0,2,0,0,2,0,0,2,2,2,0,0,0,0,0,0,0,0
"IM-23-122-IOGO","Maziba",0,2,1,2,0,0,2,0,0,2,2,1,0,0,0,0,0,0,1,1
"IM-23-122-JVIK","Maziba",0,2,1,2,0,0,1,0,0,2,2,0,0,0,0,0,0,0,0,0
"IM-23-122-KAOL","Maziba",0,2,2,2,0,0,2,0,0,2,2,0,0,0,0,0,0,0,0,0
"IM-23-122-KGAH","Maziba",0,2,2,2,0,0,0,0,0,2,2,0,0,0,0,0,0,0,0,0
"IM-23-122-KXSC","Maziba",0,2,0,2,0,0,1,0,0,2,2,0,0,0,0,0,0,0,0,0
"IM-23-122-KXSM","Maziba",0,2,0,2,0,0,2,0,0,2,2,2,0,0,0,0,0,0,1,0
"IM-23-122-LVNL","Maziba",0,2,2,2,0,0,0,0,0,2,2,0,0,0,0,0,0,0,2,0
"IM-23-122-MADZ","Maziba",0,2,2,2,0,0,0,0,0,2,2,0,0,0,0,0,0,0,2,0
"IM-23-122-NLRL","Maziba",0,2,1,2,0,0,0,0,0,2,2,1,0,0,0,0,0,0,1,1
"IM-23-122-NMNY","Maziba",0,2,0,2,0,0,0,0,0,2,2,0,0,0,0,0,0,0,2,0
"IM-23-122-OBAR","Maziba",0,2,2,2,0,0,0,0,0,2,2,2,0,0,0,0,0,0,1,0
"IM-23-122-OUOH","Maziba",0,2,0,2,0,0,2,0,0,2,2,0,2,0,0,0,0,0,0,0
"IM-23-122-PUNL","Maziba",0,2,2,2,0,0,1,0,0,2,2,2,0,0,0,1,0,0,1,0
"IM-23-122-RAWG","Maziba",0,2,2,2,0,0,0,0,0,2,2,0,0,0,0,0,0,0,2,0
"IM-23-122-RHAA","Maziba",0,2,2,2,0,0,2,0,0,2,2,0,0,0,0,0,0,0,0,0
"IM-23-122-RMAM","Maziba",0,2,0,2,0,0,2,0,0,2,2,2,0,0,0,0,0,0,1,0
"IM-23-122-ROAO","Maziba",0,2,2,2,0,0,2,0,0,2,2,0,0,0,0,0,0,0,2,0
"IM-23-122-RWTH","Maziba",0,2,2,2,0,0,2,0,0,2,2,0,0,0,0,0,0,0,0,0
"IM-23-122-SFZS","Maziba",0,2,1,2,0,0,1,0,0,2,2,0,0,0,0,0,0,0,1,0
"IM-23-122-SVVU","Maziba",0,2,1,2,0,0,1,0,0,2,2,0,0,0,0,0,0,0,0,0
"IM-23-122-TFAY","Maziba",0,2,2,2,0,0,2,0,0,2,2,0,2,0,0,0,2,0,2,0
"IM-23-122-TMSF","Maziba",0,2,2,2,0,0,2,0,0,2,2,0,2,0,0,0,0,0,0,0
"IM-23-122-TZOS","Maziba",0,2,0,2,0,0,1,0,0,2,2,0,0,0,0,0,0,0,0,0
"IM-23-122-VBKQ","Maziba",0,2,0,2,0,0,2,0,0,2,2,0,0,0,0,0,0,0,0,0
"IM-23-122-VSRZ","Maziba",0,2,0,2,0,0,2,0,0,0,2,0,0,0,0,0,0,0,0,0
"IM-23-122-VYRP","Maziba",0,2,2,2,0,0,0,0,0,2,2,0,0,0,0,0,0,0,0,0
"IM-23-122-WVFA","Maziba",0,2,0,2,0,0,1,0,0,2,2,1,0,0,0,0,0,0,0,0
"IM-23-122-XFGC","Maziba",0,2,1,2,0,0,1,0,0,2,2,2,0,0,0,0,0,0,2,0
"IM-23-122-XHZJ","Maziba",0,2,1,2,0,0,1,0,0,2,2,1,0,0,0,0,0,0,1,0
"IM-23-122-YBAA","Maziba",0,2,0,2,0,0,0,0,0,2,2,0,0,0,0,0,0,0,0,0
"IM-23-122-YMLZ","Maziba",0,2,1,2,0,0,1,0,0,2,2,2,0,0,0,0,0,0,2,0
"IM-23-122-YNLT","Maziba",0,2,1,2,0,0,1,0,0,2,2,1,0,0,0,0,0,0,1,0
"IM-23-122-YNPZ","Maziba",0,2,0,2,0,0,2,0,0,2,2,0,0,0,0,0,0,0,0,0
"IM-23-122-YTQQ","Maziba",0,2,2,2,0,0,0,0,0,2,2,1,0,0,0,0,0,0,0,2
"IM-23-122-YUAS","Maziba",0,2,1,2,0,0,1,0,0,2,2,0,0,0,0,0,0,0,1,0
"IM-24-120-CDIL","Muko",0,2,2,2,0,0,1,0,0,2,2,1,0,0,0,0,0,0,0,0
"IM-24-120-CDOQ","Muko",0,2,0,2,0,0,2,0,0,2,2,0,0,0,0,0,0,0,0,0
"IM-24-120-CJNO","Muko",0,2,2,2,0,0,2,0,0,2,2,0,0,0,0,0,0,0,2,0
"IM-24-120-COPY","Muko",0,2,2,2,0,0,2,0,0,2,2,2,0,0,0,0,0,0,0,0
"IM-24-120-CPDS","Muko",0,2,2,2,0,0,1,0,0,2,2,1,0,0,0,0,0,0,1,0
"IM-24-120-CQCX","Muko",0,2,1,2,0,0,1,0,0,2,2,2,0,0,0,0,0,0,0,0
"IM-24-120-CQHB","Muko",0,2,2,2,0,0,2,0,0,2,2,1,0,0,0,0,0,0,0,0
"IM-24-120-CQUX","Muko",0,2,0,2,0,0,0,0,0,2,2,0,0,0,0,0,2,0,0,0
"IM-24-120-CVWS","Muko",0,2,0,2,0,0,2,0,0,2,2,2,0,0,0,0,0,0,2,0
"IM-24-120-CZYR","Muko",0,2,1,2,0,0,2,0,0,2,2,1,0,1,0,0,0,0,0,0
"IM-24-120-DCFM","Muko",0,2,1,1,0,0,2,0,0,1,2,1,0,0,0,0,0,1,0,0
"IM-24-120-DHDI","Muko",0,2,0,2,0,0,2,0,0,2,2,2,0,0,0,0,0,0,0,0
"IM-24-120-DUPC","Muko",0,2,0,2,0,0,0,0,0,2,2,0,0,0,0,0,0,0,1,0
"IM-24-120-DZGV","Muko",0,2,2,2,0,0,2,0,0,2,2,0,0,0,0,0,0,0,0,0
"IM-24-120-DZYC","Muko",0,2,0,2,0,0,1,0,0,2,2,0,0,0,0,0,0,0,0,0
"IM-24-120-FIUU","Muko",0,2,0,2,0,0,0,0,0,2,2,2,0,0,0,0,2,0,0,0
"IM-24-120-FJGW","Muko",0,2,2,2,0,0,0,0,0,2,2,0,0,0,0,0,0,0,0,0
"IM-24-120-FQBX","Muko",0,2,2,2,0,0,2,0,0,2,2,0,0,0,0,0,0,0,0,0
"IM-24-120-FTBA","Muko",0,2,0,2,0,0,2,0,0,2,2,0,0,0,0,0,0,0,2,0
"IM-24-120-FUND","Muko",0,2,0,2,0,0,2,0,0,0,2,0,0,0,0,0,0,0,0,0
"IM-24-120-FXOO","Muko",0,2,1,2,0,0,0,0,0,2,2,2,0,0,0,0,0,0,0,0
"IM-24-120-FZDK","Muko",0,2,0,2,0,0,0,0,0,2,2,0,0,0,0,0,0,0,0,0
"IM-24-120-GFII","Muko",0,2,0,2,0,0,0,0,0,2,2,0,0,0,0,0,0,0,2,0
"IM-24-120-GFKR","Muko",0,2,1,2,0,0,1,0,0,2,2,1,0,0,0,0,0,0,1,0
"IM-24-120-GGRM","Muko",0,2,2,2,0,0,0,0,0,2,2,0,0,0,0,0,0,0,2,0
"IM-24-120-GNII","Muko",0,2,2,2,0,0,1,0,0,2,2,2,0,0,0,0,0,0,1,0
"IM-24-120-GSAX","Muko",0,2,2,2,0,0,1,0,0,2,2,1,0,0,0,0,0,0,0,1
"IM-24-120-GTBH","Muko",0,2,2,2,0,0,2,0,0,2,2,0,0,0,0,0,0,0,0,0
"IM-24-120-GTRI","Muko",0,2,0,2,0,0,0,0,0,2,2,1,0,0,0,0,0,0,0,0
"IM-24-120-GVWI","Muko",0,2,0,2,0,0,1,0,0,2,2,0,0,0,0,0,0,0,0,0
"IM-24-120-GWKI","Muko",0,2,2,2,0,0,0,0,0,2,2,0,0,0,0,0,0,0,2,0
"IM-24-120-GWNT","Muko",0,2,2,2,0,0,0,0,0,2,2,1,0,0,0,0,0,0,2,0
"IM-24-120-HBMK","Muko",0,2,2,2,0,0,0,0,0,2,2,2,0,0,0,0,0,0,1,0
"IM-24-120-HOLP","Muko",0,2,2,2,0,0,0,0,0,2,2,0,0,0,0,0,0,0,0,0
"IM-24-120-HWRK","Muko",0,2,1,2,0,0,1,0,0,2,2,1,0,0,0,0,0,0,1,0
"IM-24-120-HYII","Muko",0,2,2,2,0,0,1,0,0,2,2,1,0,0,0,0,0,0,1,0
"IM-24-120-IAXK","Muko",0,2,0,2,0,0,2,0,0,2,2,2,0,0,0,0,0,0,0,0
"IM-24-120-IDJN","Muko",0,2,2,2,0,0,1,0,0,2,2,0,0,0,0,0,0,0,0,0
"IM-24-120-IIUW","Muko",0,2,0,2,0,0,0,0,0,2,2,2,0,0,0,0,0,0,2,0
"IM-24-120-ILKO","Muko",0,2,2,2,0,0,0,0,0,2,2,0,0,0,0,0,0,0,0,2
"IM-24-120-ILUC","Muko",0,2,2,2,0,0,2,0,0,2,2,0,0,0,0,0,0,0,0,0
"IM-24-120-ILYC","Muko",0,2,2,2,0,0,1,0,0,2,2,2,0,0,0,0,0,0,2,0
"IM-24-120-IMRF","Muko",0,2,2,2,0,0,2,0,0,2,2,2,0,0,0,0,0,0,0,0
"IM-24-122-AFKX","Maziba",0,2,0,2,0,0,2,0,0,2,2,0,0,0,0,0,0,0,0,0
"IM-24-122-AGRD","Maziba",0,2,2,2,0,0,2,0,0,2,2,2,0,0,0,0,0,0,0,2
"IM-24-122-AHAC","Maziba",0,2,0,2,0,0,0,0,0,2,2,0,0,0,0,0,0,0,2,0
"IM-24-122-AHSQ","Maziba",0,2,1,2,0,0,1,0,0,2,2,1,0,0,1,0,0,0,0,1
"IM-24-122-AKHJ","Maziba",0,2,0,2,0,0,0,0,0,1,2,2,0,0,0,2,1,0,2,0
"IM-24-122-AMYF","Maziba",0,2,0,2,0,0,0,0,0,2,2,1,0,0,0,0,0,0,0,0
"IM-24-122-AYYM","Maziba",0,2,0,2,0,0,2,0,0,2,2,0,0,0,0,0,0,0,0,0
"IM-24-122-BGSN","Maziba",0,2,0,2,0,0,2,0,0,2,2,0,0,0,0,0,0,0,0,0
"IM-24-122-BHHI","Maziba",0,2,2,2,0,0,1,0,0,2,2,1,0,0,0,0,0,0,1,0
"IM-24-122-BHMO","Maziba",0,2,1,2,0,0,1,0,0,2,2,0,0,0,1,1,0,0,0,1
"IM-24-122-BIFP","Maziba",0,2,0,2,0,0,2,0,0,2,2,0,0,0,0,0,0,0,0,0
"IM-24-122-BLGH","Maziba",0,2,2,2,0,0,2,0,0,2,2,0,0,0,0,0,0,0,2,0
"IM-24-122-CCZB","Maziba",0,2,2,2,0,0,0,0,0,2,2,2,0,0,0,0,0,0,2,0
"IM-24-122-CDWZ","Maziba",0,2,0,2,0,0,2,0,0,2,2,0,0,0,0,0,0,0,0,0
"IM-24-122-CLNI","Maziba",0,2,2,2,0,0,0,0,0,2,2,2,0,2,0,0,0,0,2,0
"IM-24-122-CMAW","Maziba",0,2,0,2,0,0,2,0,0,2,2,2,0,0,0,0,0,0,1,0
"IM-24-122-CTXI","Maziba",0,2,0,2,0,0,0,0,0,2,2,0,2,0,0,0,0,0,0,0
"IM-24-122-CVGU","Maziba",0,2,0,2,0,0,2,0,0,2,2,0,0,0,0,0,0,0,0,0
"IM-24-122-CWSL","Maziba",0,2,2,2,0,0,0,0,0,2,2,2,0,0,0,0,0,0,0,0
"IM-24-122-CXNT","Maziba",0,2,0,2,0,0,2,0,0,2,2,2,0,0,0,0,0,0,2,0
"IM-24-122-DCIU","Maziba",0,2,2,2,0,0,0,0,0,2,2,2,0,0,0,0,0,0,0,0
"IM-24-122-DDAR","Maziba",0,2,2,2,0,0,0,0,0,2,2,0,0,0,0,2,0,0,0,0
"IM-24-122-DHFA","Maziba",0,2,0,2,0,0,2,0,0,2,2,0,0,0,0,0,0,0,0,0
"IM-24-122-DHWT","Maziba",0,2,0,2,0,0,2,0,0,2,2,2,0,0,0,0,0,0,2,0
"IM-24-122-DJLT","Maziba",0,2,2,2,0,0,0,0,0,2,2,0,2,0,0,0,0,0,0,0
"IM-24-122-DMNS","Maziba",0,2,0,2,0,0,2,0,0,2,2,2,0,0,0,0,0,0,2,0
"IM-24-122-DMQN","Maziba",0,2,2,2,0,0,1,0,0,2,2,1,0,0,0,0,0,0,1,0
"IM-24-122-DONS","Maziba",0,2,0,2,0,0,0,0,0,2,2,0,0,0,0,0,0,0,0,0
"IM-24-122-DRRI","Maziba",0,2,1,2,0,0,1,0,0,2,2,1,0,0,0,0,0,0,1,1
"IM-24-122-DTTN","Maziba",0,2,0,2,0,0,2,0,0,2,2,2,0,0,0,0,0,0,2,0
"IM-24-122-DWKN","Maziba",0,2,2,2,0,0,0,0,0,2,2,0,0,0,0,0,0,0,0,0
"IM-24-122-FABY","Maziba",0,2,0,2,0,0,0,0,0,2,2,0,0,0,0,0,0,0,0,0
"IM-24-122-FACH","Maziba",0,2,0,2,0,0,0,0,0,2,2,0,0,0,0,0,0,0,0,0
"IM-24-122-FADH","Maziba",0,2,0,2,0,0,0,0,0,2,2,0,0,0,0,0,0,0,0,0
"IM-24-122-FBDF","Maziba",0,2,0,2,0,0,0,0,0,2,2,0,0,0,0,0,0,0,0,0
"IM-24-122-FCSH","Maziba",0,2,0,2,0,0,0,0,0,2,2,0,0,0,0,0,0,0,0,0
"IM-24-122-FHHB","Maziba",0,2,2,2,0,0,0,0,0,2,2,2,0,0,0,0,0,0,0,0
"IM-24-122-FIHG","Maziba",0,2,0,2,0,0,0,0,0,2,2,2,0,0,0,0,0,0,0,0
"IM-24-122-FJKM","Maziba",1,2,0,2,0,0,1,1,1,2,2,1,0,0,0,0,0,0,0,0
"IM-24-122-GMFM","Maziba",0,2,0,2,0,0,2,0,0,2,2,2,0,2,0,0,0,0,0,0
"Z20179","Kamwezi",0,2,2,2,0,0,2,0,0,2,2,0,0,0,0,0,0,0,2,0
"Z20181","Kamwezi",0,2,2,2,0,0,0,0,0,2,2,1,0,0,0,0,0,0,1,0
"Z20182","Kamwezi",0,2,2,2,0,0,2,0,0,2,2,0,0,0,0,0,0,0,2,0
"Z20189","Kamwezi",0,2,0,2,0,0,0,0,0,2,2,2,0,0,0,0,0,0,0,2
"Z20190","Kamwezi",0,2,0,2,0,0,2,0,0,2,2,0,0,0,0,0,0,0,0,0
"Z20192","Kamwezi",0,2,2,2,0,0,2,0,0,2,2,0,0,0,0,0,0,0,0,0
"Z20194","Kamwezi",0,2,0,2,0,0,2,0,0,2,2,0,0,0,0,0,0,0,0,0
"Z20197","Kamwezi",0,2,1,2,0,0,1,0,0,2,2,1,0,0,0,0,0,0,0,0
"Z20198","Kamwezi",0,2,2,2,0,0,2,0,0,2,2,0,0,2,0,0,2,0,0,0
"Z20203","Kamwezi",0,2,1,1,0,0,1,0,0,2,2,0,0,0,0,0,0,1,0,0
"Z20204","Kamwezi",0,2,2,2,0,0,0,0,0,2,2,0,0,0,0,0,0,0,2,0
"Z20207","Kamwezi",0,2,2,2,0,0,2,0,0,2,2,0,0,0,0,0,0,0,0,0
"Z20211","Kamwezi",0,2,0,2,0,0,0,0,0,2,2,2,0,0,0,0,0,0,0,2
"Z20214","Kamwezi",0,2,2,2,0,0,2,0,0,2,2,0,0,2,0,0,0,0,2,0
"Z20219","Kamwezi",0,2,0,2,0,0,0,0,0,2,2,2,0,0,0,0,0,0,0,0
"Z20220","Kamwezi",0,2,0,2,0,0,2,0,0,2,2,0,2,0,0,0,0,0,2,0
"Z20221","Kamwezi",0,2,0,2,0,0,0,0,0,2,2,0,0,2,0,0,0,0,2,0
"Z20222","Kamwezi",0,2,0,2,0,0,1,0,0,2,2,2,1,0,0,0,0,0,0,0
"Z20227","Kamwezi",0,2,2,2,0,0,0,0,0,2,2,0,1,1,0,0,0,0,1,0
"Z20231","Kamwezi",0,2,1,2,0,0,1,0,0,2,2,2,0,0,0,0,0,0,1,1
"Z20233","Kamwezi",0,2,0,2,0,0,0,0,0,2,2,0,0,0,0,0,0,0,0,0
"Z20238","Kamwezi",0,2,2,2,0,0,2,0,0,2,2,2,0,0,0,0,0,0,0,0
"Z20242","Kamwezi",0,2,0,2,0,0,0,0,0,2,2,2,0,0,0,0,0,0,0,2
"Z20245","Kamwezi",0,2,1,2,0,0,0,0,0,2,2,1,0,0,0,0,0,0,1,0
"Z20247","Kamwezi",0,2,2,2,0,0,0,0,0,2,2,0,2,0,0,0,0,0,2,0
"Z20248","Kamwezi",0,2,0,2,0,0,0,0,0,2,2,2,0,0,0,0,0,0,0,2
"Z20249","Kamwezi",0,2,2,2,0,0,1,0,0,2,2,0,0,0,0,0,0,0,0,0
"Z20252","Kamwezi",0,2,0,2,0,0,0,0,0,2,2,2,0,0,0,0,0,0,0,2
"Z20256","Kamwezi",0,2,2,2,0,0,1,0,0,2,2,0,0,0,0,0,0,0,0,0
"Z20262","Kamwezi",0,2,2,2,0,0,0,0,0,2,2,0,0,0,0,0,0,0,2,0
"Z20263","Kamwezi",0,2,0,2,0,0,0,0,0,2,2,2,0,0,0,0,0,0,0,0
"Z20264","Kamwezi",0,2,0,2,0,0,0,0,0,2,2,2,0,2,0,0,0,0,0,0
"Z20265","Kamwezi",0,2,0,2,0,0,0,0,0,2,2,2,0,0,0,0,0,0,0,2
"Z20267","Kamwezi",0,2,0,2,0,0,1,0,0,2,2,1,0,1,0,0,1,0,0,0
"Z20268","Kamwezi",0,2,1,2,0,0,0,0,0,2,2,0,0,0,0,0,0,0,1,0
"Z20271","Kamwezi",0,2,0,2,0,0,0,0,0,2,2,2,0,0,0,0,0,0,0,2
"Z20272","Kamwezi",0,2,2,2,0,0,2,0,0,2,2,2,0,0,0,0,0,0,2,0
"Z20273","Kamwezi",0,2,2,2,0,0,0,0,0,2,2,0,0,0,0,0,0,0,0,0
"Z20278","Kamwezi",0,2,0,2,0,0,1,0,0,2,2,0,0,0,0,0,0,0,2,0
"Z20279","Kamwezi",0,2,2,2,0,0,0,0,0,2,2,0,2,0,0,0,0,0,2,0
"Z20284","Kamwezi",0,2,2,2,0,0,2,0,0,2,2,2,0,0,0,0,0,0,0,0
"Z20287","Kamwezi",0,2,0,2,0,0,0,0,0,2,2,2,0,0,0,0,0,0,0,2
"Z20288","Kamwezi",0,2,2,2,0,0,0,0,0,2,2,0,0,0,0,0,0,0,0,0
"Z20289","Kamwezi",0,2,0,2,0,0,0,0,0,2,2,2,0,0,0,0,0,0,0,2
"Z20291","Kamwezi",0,2,0,2,0,0,0,0,0,2,2,0,0,2,0,0,0,0,2,0
"Z20293","Kamwezi",0,2,2,2,0,0,2,0,0,2,2,0,0,0,0,0,0,0,2,0
"Z20302","Kamwezi",0,2,0,2,0,0,0,0,0,1,2,0,0,0,0,0,0,0,1,0
"Z20305","Kamwezi",0,2,2,2,0,0,0,0,0,2,2,0,0,0,0,0,0,0,0,0
"Z20308","Kamwezi",0,2,1,2,0,0,0,0,0,2,2,0,0,0,0,0,0,0,2,0
"Z20309","Kamwezi",0,2,2,2,0,0,1,0,0,2,2,0,1,1,0,0,0,0,1,0
"Z20312","Kamwezi",0,2,2,2,0,0,2,0,0,2,2,0,0,0,0,0,0,0,0,0
"Z20313","Kamwezi",0,2,2,2,0,0,0,0,0,2,2,2,0,0,0,0,0,0,0,1
"Z20314","Kamwezi",0,2,0,2,0,0,0,0,0,2,2,0,0,0,0,0,0,0,0,0
"Z20315","Kamwezi",0,2,2,2,0,0,0,0,0,2,2,2,0,0,0,0,0,0,1,0
"Z20316","Kamwezi",0,2,0,2,0,0,1,0,0,2,2,1,0,0,0,0,0,0,1,1
"Z20317","Kamwezi",0,2,0,2,0,0,2,0,0,2,2,0,0,0,0,0,2,0,0,0
"Z20318","Kamwezi",0,2,2,2,0,0,0,0,0,2,2,0,0,0,0,0,0,0,0,0
"Z20320","Kamwezi",0,2,1,2,0,0,0,0,0,2,2,2,0,0,0,0,0,0,2,0
"Z20323","Kamwezi",0,2,1,2,0,0,1,0,0,2,2,1,0,0,0,1,0,0,1,0
"Z20324","Kamwezi",0,2,2,2,0,0,2,0,0,2,2,0,0,0,0,0,0,0,0,0
"Z20328","Kamwezi",0,2,2,2,0,0,2,0,0,2,2,0,0,0,0,0,0,0,0,0
"Z20330","Kamwezi",0,2,2,2,0,0,0,0,0,2,2,0,2,0,0,0,0,0,2,0
"Z20332","Kamwezi",0,2,0,2,0,0,0,0,0,2,2,2,0,2,0,0,0,0,2,0
"Z20335","Kamwezi",0,2,0,2,0,0,0,0,0,2,2,2,0,0,0,0,0,0,0,2
"Z20336","Kamwezi",0,2,2,2,0,0,0,0,0,2,2,0,0,0,0,0,0,0,0,0
"Z20337","Kamwezi",0,2,0,2,0,0,0,0,0,2,2,2,0,0,0,0,0,0,0,2
"Z20338","Kamwezi",0,2,0,2,0,0,0,0,0,2,2,2,0,0,0,0,0,0,0,0
"Z20339","Kamwezi",0,2,2,2,0,0,2,0,0,2,2,0,0,0,0,0,0,0,1,0
"Z20340","Kamwezi",0,2,0,2,0,0,2,0,0,2,2,0,0,2,0,0,0,0,2,0
"Z20341","Kamwezi",0,2,0,2,0,0,0,0,0,2,2,2,0,0,0,0,0,0,0,2
"Z20342","Kamwezi",0,2,2,2,0,0,2,0,0,2,2,0,0,0,0,0,0,0,2,0
"Z20343","Kamwezi",0,2,1,2,0,0,1,0,0,2,2,2,0,0,0,0,0,0,1,0
"Z20344","Kamwezi",0,2,0,2,0,0,0,0,0,2,2,1,0,2,0,0,0,0,0,0
"Z20347","Kamwezi",0,2,0,2,0,0,0,0,0,2,2,2,0,0,0,0,0,0,0,2
"Z20349","Kamwezi",0,2,2,2,0,0,0,0,0,2,2,0,0,0,0,0,0,0,1,0
"Z20353","Kamwezi",0,2,0,2,0,0,0,0,0,2,2,2,0,0,0,0,0,0,0,2
"Z20354","Kamwezi",0,2,0,2,0,0,0,0,0,2,2,2,0,0,0,0,0,0,0,2
"Z20362","Kamwezi",0,2,2,0,0,0,2,0,0,2,2,2,0,0,0,0,0,2,0,0
"Z20366","Kamwezi",0,2,0,2,0,0,0,0,0,2,2,0,0,1,0,0,0,0,0,0
"Z20369","Kamwezi",0,2,0,2,0,0,0,0,0,2,2,1,0,0,0,1,0,0,2,0
"Z20370","Kamwezi",0,2,0,2,0,0,0,0,0,2,2,2,0,0,0,0,0,0,0,2
"Z20371","Kamwezi",0,2,0,2,0,0,0,0,0,2,2,2,0,0,0,0,0,0,0,2
"Z20372","Kamwezi",0,2,0,2,0,0,0,0,0,2,2,2,0,0,0,0,0,0,2,0
"Z20378","Kamwezi",0,2,0,2,0,0,0,0,0,2,2,0,0,1,0,0,0,0,2,0
"Z20380","Kamwezi",0,2,2,2,0,0,0,0,0,2,2,0,0,1,0,0,0,0,0,0
"Z20382","Kamwezi",0,2,2,2,0,0,2,0,0,2,2,2,0,0,0,0,0,0,0,0
"Z20388","Kamwezi",0,2,0,2,0,0,0,0,0,2,2,0,0,2,0,0,0,0,2,0
"Z20390","Kamwezi",0,2,1,2,0,0,1,0,0,2,2,0,0,2,0,0,1,0,2,0
"Z20394","Kamwezi",0,2,0,2,0,0,0,0,0,2,2,2,0,0,0,0,0,0,0,2
"Z20395","Kamwezi",0,2,2,2,0,0,0,0,0,2,2,0,0,0,0,0,0,0,0,0
"Z20396","Kamwezi",0,2,2,2,0,0,1,0,0,2,2,0,0,0,0,0,0,0,1,0
"Z20398","Kamwezi",0,2,1,2,0,0,1,0,0,2,2,0,0,1,0,0,0,0,2,0
"Z20399","Kamwezi",0,2,0,2,0,0,0,0,0,2,2,0,0,0,0,0,0,0,0,0
"Z20400","Kamwezi",0,2,1,2,0,0,2,0,0,2,2,1,0,0,0,0,0,0,0,0
"Z20404","Kamwezi",0,2,2,2,0,0,1,0,0,2,2,0,0,0,0,0,0,0,0,0
"Z20405","Kamwezi",0,2,0,2,0,0,1,0,0,2,2,1,0,0,0,0,0,0,1,1
"Z20415","Kamwezi",0,2,0,2,0,0,0,0,0,2,2,2,0,2,0,0,0,0,0,0
"Z20416","Kamwezi",0,2,2,2,0,0,0,0,0,2,2,0,0,0,0,1,0,0,2,0
"Z20417","Kamwezi",0,2,2,2,0,0,0,0,0,2,2,0,0,0,0,1,0,0,2,0
"Z20419","Kamwezi",0,2,2,2,0,0,0,0,0,2,2,0,0,0,0,0,0,0,0,0
