Gene,CodonID,name,AA,type,variant,mutation_name,no_alleles
arps10,127,arps10_127,V,ref,,arps10_V127M,2
arps10,127,arps10_127,M,alt,,arps10_V127M,
crt,72,crt_72,C,ref,,crt_C72A,2
crt,72,crt_72,S,alt,,crt_C72A,
crt,73,crt_73,V,ref,,crt_V73,2
crt,74,crt_74,M,ref,,,3
crt,74,crt_74,I,alt,genotype_alt,crt_M74I,
crt,74,crt_74,L,alt2,genotype_alt2,crt_M74L,
crt,75,crt_75,N,ref,,crt_E75N,2
crt,75,crt_75,E,alt,,crt_E75N,
crt,76,crt_76,K,ref,,,3
crt,76,crt_76,R,alt2,genotype_alt2,crt_K76R,
crt,76,crt_76,T,alt,genotype_alt,crt_K76T,
crt,326,crt_326,N,ref,,crt_N326,2
dhfr,16,dhfr_16,A,ref,,dhfr_A16V,2
dhfr,16,dhfr_16,V,alt,,dhfr_A16V,
dhfr,51,dhfr_51,N,ref,,dhfr_N51I,2
dhfr,51,dhfr_51,I,alt,,dhfr_N51I,
dhfr,59,dhfr_59,C,ref,,,3
dhfr,59,dhfr_59,S,alt2,genotype_alt2,dhfr_C59S,
dhfr,59,dhfr_59,R,alt,genotype_alt,dhfr_C59R,
dhfr,108,dhfr_108,S,ref,,,3
dhfr,108,dhfr_108,T,alt2,genotype_alt2,dhfr_S108T,
dhfr,108,dhfr_108,N,alt,genotype_alt,dhfr_S108N,
dhfr,164,dhfr_164,I,ref,,,
dhfr,164,dhfr_164,L,alt,,dhfr_I164L,2
dhfr,185,dhfr_185,T,ref,,dhfr_T185,2
dhps,431,dhps_431,I,ref,,dhps_I431V,2
dhps,431,dhps_431,V,alt,,dhps_I431V,
dhps,436,dhps_436,S,ref,,,6
dhps,436,dhps_436,A,alt,genotype_alt,dhps_S436A,
dhps,436,dhps_436,H,alt2,genotype_alt2,dhps_S436H,
dhps,436,dhps_436,C,alt3,genotype_alt3,dhps_S436C,
dhps,436,dhps_436,F,alt4,genotype_alt4,dhps_S436F,
dhps,436,dhps_436,Y,alt5,genotype_alt5,dhps_S436Y,
dhps,437,dhps_437,G,ref,,,4
dhps,437,dhps_437,A,alt,genotype_alt,dhps_G437A,
dhps,437,dhps_437,S,alt2,genotype_alt2,dhps_G437S,
dhps,437,dhps_437,D,alt3,genotype_alt3,dhps_G437D,
dhps,540,dhps_540,K,ref,,dhps_K540E,2
dhps,540,dhps_540,E,alt,,dhps_K540E,
dhps,581,dhps_581,A,ref,,,4
dhps,581,dhps_581,G,alt,genotype_alt,dhps_A581G,
dhps,581,dhps_581,E,alt2,genotype_alt2,dhps_A581E,
dhps,581,dhps_581,V,alt3,genotype_alt3,dhps_A581V,
dhps,613,dhps_613,A,ref,,,3
dhps,613,dhps_613,T,alt2,genotype_alt2,dhps_A613T,
dhps,613,dhps_613,S,alt,genotype_alt,dhps_A613S,
exo,415,exo_415,E,ref,,,3
exo,415,exo_415,G,alt,genotype_alt,exo_E415G,
exo,415,exo_415,Q,alt2,genotype_alt2,exo_E415Q,
fd,193,fd_193,D,ref,,,3
fd,193,fd_193,G,alt2,genotype_alt2,fd_D193G,
fd,193,fd_193,Y,alt,genotype_alt,fd_D193Y,
k13,441,k13_441,P,ref,,,4
k13,441,k13_441,L,alt,genotype_alt,k13_P441L,
k13,441,k13_441,A,alt2,genotype_alt2,k13_P441A,
k13,441,k13_441,T,alt3,genotype_alt3,k13_P441T,
k13,442,k13_442,F,ref,,,
k13,442,k13_442,L,alt,,k13_F442L,2
k13,446,k13_446,F,ref,,k13_F446,2
k13,449,k13_449,G,ref,,k13_G449,2
k13,454,k13_454,V,ref,,,3
k13,454,k13_454,F,alt,genotype_alt,K13_V454F,
k13,454,k13_454,A,alt2,genotype_alt2,K13_V454A,
k13,458,k13_458,N,ref,,k13_N458,2
k13,469,k13_469,C,ref,,,3
k13,469,k13_469,F,alt2,genotype_alt2,k13_C469F,
k13,469,k13_469,Y,alt,genotype_alt,k13_C469Y,
k13,476,k13_476,M,ref,,k13_M476I,2
k13,476,k13_476,I,alt,,k13_M476I,
k13,480,k13_480,K,ref,,k13_K480,2
k13,481,k13_481,A,ref,,k13_A481,2
k13,483,k13_483,F,ref,,k13_F483,2
k13,485,k13_485,S,ref,,k13_S485R,2
k13,485,k13_485,R,alt,,k13_S485R,
k13,493,k13_493,Y,ref,,k13_Y493,2
k13,494,k13_494,V,ref,,,3
k13,494,k13_494,I,alt,genotype_alt,k13_V494I,
k13,494,k13_494,G,alt2,genotype_alt2,k13_V494G,
k13,515,k13_515,R,ref,,k13_R515K,2
k13,515,k13_515,K,alt,,k13_R515K,
k13,520,k13_520,V,ref,,k13_V520G,2
k13,520,k13_520,G,alt,,k13_V520G,
k13,527,k13_527,P,ref,,k13_P527L,2
k13,527,k13_527,L,alt,,k13_P527L,
k13,537,k13_537,N,ref,,k13_N537,2
k13,538,k13_538,G,ref,,,3
k13,538,k13_538,D,alt2,genotype_alt2,k13_G538D,
k13,538,k13_538,V,alt,genotype_alt,k13_G538V,
k13,539,k13_539,R,ref,,k13_R539T,2
k13,539,k13_539,T,alt,,k13_R539T,
k13,543,k13_543,I,ref,,k13_I543T,2
k13,543,k13_543,T,alt,,k13_I543T,
k13,544,k13_544,G,ref,,k13_G544,2
k13,546,k13_546,Y,ref,,k13_Y546,2
k13,553,k13_553,P,ref,,,3
k13,553,k13_553,T,alt,genotype_alt2,k13_P553T,
k13,553,k13_553,S,alt2,genotype_alt,k13_P553S,
k13,561,k13_561,R,ref,,,3
k13,561,k13_561,G,alt2,genotype_alt2,k13_R561G,
k13,561,k13_561,H,alt,genotype_alt,k13_R561H,
k13,568,k13_568,V,ref,,,5
k13,568,k13_568,E,alt2,genotype_alt2,k13_V568E,
k13,568,k13_568,G,alt,genotype_alt,k13_V568G,
k13,568,k13_568,A,alt3,genotype_alt3,k13_V568A,
k13,568,k13_568,L,alt4,genotype_alt4,k13_V568L,
k13,574,k13_574,P,ref,,,4
k13,574,k13_574,L,alt,genotype_alt,k13_P574L,
k13,574,k13_574,S,alt2,genotype_alt2,k13_P574S,
k13,574,k13_574,T,alt3,genotype_alt3,k13_P574T,
k13,578,k13_578,A,ref,,,3
k13,578,k13_578,V,alt2,genotype_alt2,k13_A578V,
k13,578,k13_578,S,alt,genotype_alt,k13_A578S,
k13,580,k13_580,C,ref,,,3
k13,580,k13_580,Y,alt,genotype_alt,k13_C580Y,
k13,580,k13_580,S,alt2,genotype_alt2,k13_C580S,
k13,596,k13_596,E,ref,,,3
k13,596,k13_596,G,alt2,genotype_alt2,k13_E596G,
k13,596,k13_596,K,alt,genotype_alt,k13_E596K,
k13,597,k13_597,R,ref,,k13_R597G,2
k13,597,k13_597,G,alt,,k13_R597G,
k13,598,k13_598,L,ref,,k13_L598,2
k13,599,k13_599,N,ref,,k13_N599,2
k13,599,k13_599,K,alt,,k13_K599,
k13,605,k13_605,E,ref,,k13_E605G,2
k13,605,k13_605,G,alt,,k13_E605G,
k13,607,k13_607,K,ref,,k13_K607,2
k13,622,k13_622,R,ref,,k13_R622I,2
k13,622,k13_622,I,alt,,k13_R622I,
k13,631,k13_631,L,ref,,k13_L631,2
k13,641,k13_641,D,ref,,k13_D641,2
k13,656,k13_656,F,ref,,k13_F656,2
k13,659,k13_659,R,ref,,k13_R659,2
k13,661,k13_661,Q,ref,,k13_Q661,2
k13,662,k13_662,F,ref,,k13_F662,2
k13,662,k13_662,S,alt,,k13_S662,
k13,675,k13_675,A,ref,,,3
k13,675,k13_675,V,alt,genotype_alt,k13_A675V,
k13,675,k13_675,T,alt2,genotype_alt2,k13_A675T,
mdr1,86,mdr1_86,N,ref,,,3
mdr1,86,mdr1_86,F,alt2,genotype_alt2,mdr1_N86F,
mdr1,86,mdr1_86,Y,alt,genotype_alt,mdr1_N86Y,
mdr1,184,mdr1_184,Y,ref,,mdr1_Y184F,2
mdr1,184,mdr1_184,F,alt,,mdr1_Y184F,
mdr1,1034,mdr1_1034,S,ref,,mdr1_S1034C,2
mdr1,1034,mdr1_1034,C,alt,,mdr1_S1034C,
mdr1,1042,mdr1_1042,N,ref,,,3
mdr1,1042,mdr1_1042,Y,alt2,genotype_alt2,mdr1_N1042Y,
mdr1,1042,mdr1_1042,D,alt,genotype_alt,mdr1_N1042D,
mdr1,1246,mdr1_1246,D,ref,,,3
mdr1,1246,mdr1_1246,E,alt2,genotype_alt2,mdr1_D1246E,
mdr1,1246,mdr1_1246,Y,alt,genotype_alt,mdr1_D1246Y,
mdr2,484,mdr2_484,T,ref,,,3
mdr2,484,mdr2_484,I,alt,genotype_alt2,mdr2_T484I,
mdr2,484,mdr2_484,P,alt2,genotype_alt,mdr2_T484P,