"sample_id","post_coi_lower","post_coi_med","post_coi_upper","post_coi_mean","naive_coi","offset_naive_coi","prob_polyclonal"
"Kam_Z20179",1,1,1,1,1,1,0
"Kam_Z20181",2,2,2,2,4,2,1
"Kam_Z20182",1,1,1,1,1,1,0
"Kam_Z20189",1,1,1,1,1,1,0
"Kam_Z20190",2,3,5,3.201,3,2,1
"Kam_Z20192",1,1,1,1,1,1,0
"Kam_Z20194",1,1,1,1,1,1,0
"Kam_Z20197",4,4,5.02499999999998,4.325,4,4,1
"Kam_Z20198",1,1,1,1,1,1,0
"Kam_Z20203",3,3,3,3.001,3,3,1
"Kam_Z20204",1,1,1,1,1,1,0
"Kam_Z20207",1,1,1,1,2,1,0
"Kam_Z20211",1,1,1,1,1,1,0
"Kam_Z20214",1,1,1,1.005,1,1,0.005
"Kam_Z20219",3,3,5,3.308,3,3,1
"Kam_Z20220",3,3,4.02499999999998,3.206,3,2,1
"Kam_Z20221",2,2,3,2.101,2,2,1
"Kam_Z20222",2,2,2,2.001,2,2,1
"Kam_Z20227",2,2,3,2.079,3,2,1
"Kam_Z20231",3,3,4,3.058,3,3,1
"Kam_Z20233",1,1,1,1,1,1,0
"Kam_Z20238",1,1,1,1,1,1,0
"Kam_Z20242",1,1,1,1,1,1,0
"Kam_Z20245",4,5,7,5.005,4,4,1
"Kam_Z20247",2,3,5,3.143,3,2,1
"Kam_Z20248",1,1,1,1,1,1,0
"Kam_Z20249",2,2,3,2.03,2,2,1
"Kam_Z20252",1,1,1,1,1,1,0
"Kam_Z20256",1,1,1,1,1,1,0
"Kam_Z20262",1,1,1,1,1,1,0
"Kam_Z20263",1,1,1,1,1,1,0
"Kam_Z20264",1,1,1,1.001,1,1,0.001
"Kam_Z20265",1,1,1,1,1,1,0
"Kam_Z20267",2,2,2,2,3,2,1
"Kam_Z20268",2,3,4,2.775,3,2,1
"Kam_Z20271",1,1,1,1,1,1,0
"Kam_Z20272",1,1,1,1.001,1,1,0.001
"Kam_Z20273",1,1,2,1.09,2,2,0.084
"Kam_Z20278",3,3,5,3.534,3,3,1
"Kam_Z20279",1,1,1,1,1,1,0
"Kam_Z20284",2,2,2,2.021,2,2,1
"Kam_Z20287",1,1,1,1,1,1,0
"Kam_Z20288",1,1,1,1,2,1,0
"Kam_Z20289",1,1,1,1,1,1,0
"Kam_Z20291",1,1,1,1,1,1,0
"Kam_Z20293",1,1,1,1,1,1,0
"Kam_Z20302",3,3,5,3.217,3,3,1
"Kam_Z20305",1,1,1,1,1,1,0
"Kam_Z20308",2,2,3,2.048,2,2,1
"Kam_Z20309",4,4,5,4.03,4,4,1
"Kam_Z20312",1,1,1,1,1,1,0
"Kam_Z20313",2,2,2,2.012,2,2,1
"Kam_Z20314",1,2,3,1.859,2,2,0.751
"Kam_Z20315",3,4,5,3.892,4,3,1
"Kam_Z20316",4,4,5,4.118,4,4,1
"Kam_Z20317",1,1,1,1,1,1,0
"Kam_Z20318",1,1,1,1,1,1,0
"Kam_Z20320",5,5,7,5.425,5,4,1
"Kam_Z20323",4,5,6,4.74,4,4,1
"Kam_Z20324",2,2,2,2,2,2,1
"Kam_Z20328",1,1,1,1,1,1,0
"Kam_Z20330",1,1,1,1,1,1,0
"Kam_Z20332",1,1,1,1,1,1,0
"Kam_Z20335",1,1,1,1,1,1,0
"Kam_Z20336",1,1,1,1,1,1,0
"Kam_Z20337",1,1,1,1,1,1,0
"Kam_Z20338",1,1,1,1,1,1,0
"Kam_Z20339",2,2,3,2.074,2,2,1
"Kam_Z20340",1,1,1,1,1,1,0
"Kam_Z20341",1,1,1,1,1,1,0
"Kam_Z20342",1,1,1,1,1,1,0
"Kam_Z20343",3,3,4,3.129,3,3,1
"Kam_Z20344",2,2,2,2.005,2,2,1
"Kam_Z20347",1,1,1,1,1,1,0
"Kam_Z20349",2,3,3,2.691,3,3,1
"Kam_Z20353",1,1,1,1,1,1,0
"Kam_Z20354",1,1,1,1,1,1,0
"Kam_Z20362",1,1,1,1,1,1,0
"Kam_Z20366",2,2,2,2,2,2,1
"Kam_Z20369",2,2,3,2.115,2,2,1
"Kam_Z20370",1,1,1,1,1,1,0
"Kam_Z20371",1,1,3,1.198,2,2,0.167
"Kam_Z20372",1,1,2,1.09,2,2,0.079
"Kam_Z20378",2,2,4,2.259,4,2,1
"Kam_Z20380",2,2,2,2.019,2,2,1
"Kam_Z20382",1,1,1,1,1,1,0
"Kam_Z20388",2,2,2,2.006,2,2,1
"Kam_Z20390",2,2,2,2,2,2,1
"Kam_Z20394",2,2,4,2.17,2,2,1
"Kam_Z20395",1,1,1,1,1,1,0
"Kam_Z20396",4,4,5,4.031,4,3,1
"Kam_Z20398",2,2,2,2.001,2,2,1
"Kam_Z20399",1,1,1,1,1,1,0
"Kam_Z20400",5,5,6,5.148,5,4,1
"Kam_Z20404",4,4,6,4.325,4,3,1
"Kam_Z20405",2,2,2,2,2,2,1
"Kam_Z20415",1,1,1,1.001,1,1,0.001
"Kam_Z20416",2,2,3,2.147,2,2,1
"Kam_Z20417",2,2,3,2.157,2,2,1
"Kam_Z20419",1,1,1,1,1,1,0
"Maz_IM-23-122-AADO",2,2,2,2,4,3,1
"Maz_IM-23-122-AGLG",2,2,2,2,2,2,1
"Maz_IM-23-122-AYZM",4,4,4,3.991,4,3,1
"Maz_IM-23-122-BBQQ",1,1,1,1,2,2,0
"Maz_IM-23-122-BLDK",1,1,1,1,1,1,0
"Maz_IM-23-122-CJFA",4,4,6,4.643,4,4,1
"Maz_IM-23-122-CZIR",1,1,1,1,2,2,0
"Maz_IM-23-122-GBHJ",4,4,5,4.046,4,4,1
"Maz_IM-23-122-GLML",2,2,4,2.205,2,2,1
"Maz_IM-23-122-GUJH",2,2,2,2.005,3,2,1
"Maz_IM-23-122-HJWU",2,2,4,2.148,2,2,1
"Maz_IM-23-122-HMID",1,1,1,1,1,1,0
"Maz_IM-23-122-HSBS",4,4,6,4.222,4,3,1
"Maz_IM-23-122-HTXO",1,1,2,1.103,2,2,0.085
"Maz_IM-23-122-HWJN",2,3,5,3.194,3,2,1
"Maz_IM-23-122-IOGO",5,5,6,5.164,6,5,1
"Maz_IM-23-122-JVIK",2,2,2,2,2,2,1
"Maz_IM-23-122-KAOL",2,2,2,2,3,2,1
"Maz_IM-23-122-KGAH",1,1,1,1.001,2,1,0.001
"Maz_IM-23-122-KXSC",2,2,2,2.002,2,2,1
"Maz_IM-23-122-KXSM",2,2,2,2,2,2,1
"Maz_IM-23-122-LVNL",1,2,3,1.854,2,2,0.746
"Maz_IM-23-122-MADZ",1,1,1,1,1,1,0
"Maz_IM-23-122-NLRL",6,6,6,6.017,6,5,1
"Maz_IM-23-122-NMNY",1,1,1,1.018,1,1,0.014
"Maz_IM-23-122-OBAR",2,2,2,2.003,2,2,1
"Maz_IM-23-122-OUOH",1,1,1,1,1,1,0
"Maz_IM-23-122-PUNL",3,3,3,3,4,4,1
"Maz_IM-23-122-RAWG",3,3,4,3.155,3,3,1
"Maz_IM-23-122-RHAA",2,2,3,2.121,2,2,1
"Maz_IM-23-122-RMAM",4,4,4.02499999999998,4.026,4,4,1
"Maz_IM-23-122-ROAO",1,1,1,1,1,1,0
"Maz_IM-23-122-RWTH",1,1,1,1.001,1,1,0.001
"Maz_IM-23-122-SFZS",5,5,6,5.076,5,5,1
"Maz_IM-23-122-SVVU",3,4,5,3.848,4,4,1
"Maz_IM-23-122-TFAY",1,1,1,1,1,1,0
"Maz_IM-23-122-TMSF",1,1,1,1.005,1,1,0.004
"Maz_IM-23-122-VBKQ",1,1,1,1,3,2,0
"Maz_IM-23-122-VSRZ",1,1,1,1,2,2,0
"Maz_IM-23-122-VYRP",1,1,1,1,1,1,0
"Maz_IM-23-122-WVFA",2,3,5,2.994,3,2,1
"Maz_IM-23-122-XFGC",2,2,2,2,2,2,1
"Maz_IM-23-122-XHZJ",5,6,7,5.714,5,5,1
"Maz_IM-23-122-YBAA",1,1,1,1.001,1,1,0.001
"Maz_IM-23-122-YMLZ",2,2,3,2.058,3,2,1
"Maz_IM-23-122-YNLT",4,4,5,4.198,4,4,1
"Maz_IM-23-122-YNPZ",1,1,1,1,1,1,0
"Maz_IM-23-122-YTQQ",2,2,2,2.003,2,2,1
"Maz_IM-23-122-YUAS",4,4,6,4.229,4,4,1
"Maz_IM-24-122-AFKX",3,3,5,3.17,3,3,1
"Maz_IM-24-122-AGRD",2,2,2,2.006,2,2,1
"Maz_IM-24-122-AHAC",1,1,2,1.044,2,2,0.04
"Maz_IM-24-122-AHSQ",5,5,6,5.096,5,4,1
"Maz_IM-24-122-AKHJ",4,4,6,4.44,4,3,1
"Maz_IM-24-122-AMYF",2,2,3,2.074,2,2,1
"Maz_IM-24-122-AYYM",1,1,1,1.001,1,1,0.001
"Maz_IM-24-122-BGSN",1,1,1,1,1,1,0
"Maz_IM-24-122-BHHI",2,2,2,2,2,2,1
"Maz_IM-24-122-BHMO",4,4,6,4.185,4,3,1
"Maz_IM-24-122-BIFP",1,1,1,1,1,1,0
"Maz_IM-24-122-BLGH",1,1,1,1,1,1,0
"Maz_IM-24-122-CCZB",2,4,5,3.375,4,2,1
"Maz_IM-24-122-CDWZ",1,1,1,1,1,1,0
"Maz_IM-24-122-CLNI",1,1,1,1,1,1,0
"Maz_IM-24-122-CMAW",4,4,6,4.208,4,4,1
"Maz_IM-24-122-CTXI",2,2,3,2.062,2,2,1
"Maz_IM-24-122-CVGU",2,2,2,2.004,2,2,1
"Maz_IM-24-122-CWSL",2,2,3,2.068,2,2,1
"Maz_IM-24-122-CXNT",1,1,1,1,1,1,0
"Maz_IM-24-122-DCIU",2,2,3,2.079,2,2,1
"Maz_IM-24-122-DDAR",1,1,1,1,1,1,0
"Maz_IM-24-122-DHFA",1,1,1,1,1,1,0
"Maz_IM-24-122-DHWT",1,1,1,1,1,1,0
"Maz_IM-24-122-DJLT",1,1,1,1,1,1,0
"Maz_IM-24-122-DMNS",1,1,1,1,1,1,0
"Maz_IM-24-122-DMQN",2,2,2,2,2,2,1
"Maz_IM-24-122-DONS",1,1,1,1,1,1,0
"Maz_IM-24-122-DRRI",5,5,6,5.135,5,5,1
"Maz_IM-24-122-DTTN",1,1,1,1,1,1,0
"Maz_IM-24-122-DWKN",1,1,1,1,1,1,0
"Maz_IM-24-122-FABY",1,1,1,1,1,1,0
"Maz_IM-24-122-FACH",1,1,1,1,1,1,0
"Maz_IM-24-122-FADH",1,1,1,1,1,1,0
"Maz_IM-24-122-FBDF",1,1,1,1,1,1,0
"Maz_IM-24-122-FCSH",1,1,1,1,1,1,0
"Maz_IM-24-122-FHHB",1,1,1,1,1,1,0
"Maz_IM-24-122-FIHG",1,1,2,1.166,2,2,0.143
"Maz_IM-24-122-FJKM",4,5,6,5.116,5,4,1
"Maz_IM-24-122-GMFM",1,1,1,1,1,1,0
"Muk_IM-23-120-AFIT",1,1,1,1,2,2,0
"Muk_IM-23-120-AOQB",1,1,1,1,1,1,0
"Muk_IM-23-120-ATBC",2,2,4,2.161,2,2,1
"Muk_IM-23-120-ATSN",1,1,1,1,3,2,0
"Muk_IM-23-120-AVGS",1,1,1,1,1,1,0
"Muk_IM-23-120-AXGV",2,2,2,2.007,2,2,1
"Muk_IM-23-120-BFIW",2,2,3,2.055,2,2,1
"Muk_IM-23-120-BHTX",1,1,1,1,2,2,0
"Muk_IM-23-120-BNZQ",1,1,1,1,1,1,0
"Muk_IM-23-120-BXJW",2,2,3,2.056,2,2,1
"Muk_IM-23-120-CAJX",2,2,2,2,3,3,1
"Muk_IM-23-120-CBWK",1,1,1,1,2,1,0
"Muk_IM-23-120-CINZ",3,4,4,3.925,4,4,1
"Muk_IM-23-120-CLQY",1,1,1,1.001,2,2,0.001
"Muk_IM-23-120-CVVI",1,1,1,1.024,2,2,0.023
"Muk_IM-23-120-DLYC",1,1,1,1,2,2,0
"Muk_IM-23-120-DNPR",2,2,2,2.021,2,2,1
"Muk_IM-23-120-DTMM",1,1,1,1,1,1,0
"Muk_IM-23-120-DTPF",2,3,3,2.736,3,3,1
"Muk_IM-23-120-DUWS",1,1,1,1,1,1,0
"Muk_IM-23-120-DWIG",4,4,6,4.334,4,4,1
"Muk_IM-23-120-DWTL",2,2,2,2.021,2,2,1
"Muk_IM-23-120-FGSV",2,2,2,2,2,2,1
"Muk_IM-23-120-FJIT",3,3,5,3.196,3,3,1
"Muk_IM-23-120-FVGH",1,1,1,1,1,1,0
"Muk_IM-23-120-GOFU",2,2,3,2.098,3,3,1
"Muk_IM-23-120-GQGH",5,5,7,5.561,5,5,1
"Muk_IM-23-120-GVHL",5,5,6,5.189,5,4,1
"Muk_IM-23-120-GVZD",2,2,2,2.026,2,2,1
"Muk_IM-23-120-GYTW",1,1,1,1,1,1,0
"Muk_IM-23-120-HAYS",1,1,1,1,2,2,0
"Muk_IM-23-120-HKXV",2,2,2,2.011,2,2,1
"Muk_IM-23-120-HNNN",2,2,2,2,2,2,1
"Muk_IM-23-120-HNVS",4,4,5,4.166,4,3,1
"Muk_IM-23-120-HPOS",3,4,5,4.126,4,3,1
"Muk_IM-23-120-HYRK",1,1,1,1,2,2,0
"Muk_IM-23-120-IBNC",4,4,5,4.04,4,4,1
"Muk_IM-23-120-INSC",3,4,5,3.889,4,3,1
"Muk_IM-23-120-JCSB",5,6,8,6.089,5,5,1
"Muk_IM-23-120-JFXY",1,1,1,1,1,1,0
"Muk_IM-23-120-JGUR",3,3,4,3.163,3,3,1
"Muk_IM-23-120-JHSR",2,2,2,2,2,2,1
"Muk_IM-23-120-JJDZ",1,1,1,1,1,1,0
"Muk_IM-23-120-JPRR",2,2,2,2,2,2,1
"Muk_IM-23-120-KAYR",1,1,1,1,2,2,0
"Muk_IM-23-120-KIHV",1,3,5,2.718,3,2,0.898
"Muk_IM-23-120-KJBB",1,1,1,1,1,1,0
"Muk_IM-23-120-KKWL",1,1,1,1,2,2,0
"Muk_IM-23-120-KPZK",1,1,1,1,1,1,0
"Muk_IM-23-120-KSRI",3,3,5,3.349,3,3,1
"Muk_IM-23-120-KVYX",1,1,1,1,1,1,0
"Muk_IM-23-120-LAPH",2,2,2,2,2,2,1
"Muk_IM-23-120-LDKS",3,3,3.02499999999998,3.026,3,3,1
"Muk_IM-23-120-LGRX",2,2,2,2,2,2,1
"Muk_IM-23-120-LZFX",1,1,1,1,2,2,0
"Muk_IM-23-120-MCBK",1,1,1,1,1,1,0
"Muk_IM-23-120-MHCH",2,2,2,2,2,2,1
"Muk_IM-23-120-MIUG",2,2,2,2,4,3,1
"Muk_IM-23-120-MRVB",5,5,6,5.104,5,4,1
"Muk_IM-23-120-MSIC",2,2,2,2.01,2,2,1
"Muk_IM-23-120-MTOL",3,3,5,3.364,3,3,1
"Muk_IM-23-120-NDAD",9,9,11,9.457,9,8,1
"Muk_IM-23-120-NPVB",5,6,8,6.157,5,5,1
"Muk_IM-23-120-NYRL",2,2,2,2,2,2,1
"Muk_IM-23-120-OCTB",1,1,1,1,1,1,0
"Muk_IM-23-120-ODBS",2,2,2,2,3,2,1
"Muk_IM-23-120-OKBU",2,2,3,2.163,2,2,0.997
"Muk_IM-23-120-OQVN",1,1,1,1,1,1,0
"Muk_IM-23-120-OXFO",6,6,7,6.168,6,5,1
"Muk_IM-23-120-OXUG",1,1,1,1,1,1,0
"Muk_IM-23-120-PRVH",3,3,6,3.585,3,3,1
"Muk_IM-23-120-PVGK",1,1,1,1.007,1,1,0.007
"Muk_IM-23-120-QGSV",1,1,1,1,1,1,0
"Muk_IM-23-120-QIII",5,5,7,5.357,5,5,1
"Muk_IM-23-120-QVPS",3,3,4,3.141,3,3,1
"Muk_IM-23-120-QZKB",1,1,1,1,1,1,0
"Muk_IM-23-120-RHHW",2,2,2,2.012,2,2,1
"Muk_IM-23-120-RQSL",2,2,3,2.067,2,2,1
"Muk_IM-23-120-RUUG",5,5,6,5.276,5,5,1
"Muk_IM-23-120-RYMY",1,1,1,1.001,1,1,0.001
"Muk_IM-23-120-SMCL",2,2,2,2,2,2,1
"Muk_IM-23-120-SSJF",2,2,2,2,2,2,1
"Muk_IM-23-120-SXFT",3,3,3,3.003,3,3,1
"Muk_IM-23-120-SXWF",4,4,5.02499999999998,4.239,4,4,1
"Muk_IM-23-120-TGWZ",2,2,2,2.015,3,3,1
"Muk_IM-23-120-TLQG",3,3,4,3.1,3,3,1
"Muk_IM-23-120-TTOM",1,1,3,1.48,2,2,0.44
"Muk_IM-23-120-TWPU",2,2,2,2,2,2,1
"Muk_IM-23-120-TYPZ",6,6,7,6.232,6,6,1
"Muk_IM-23-120-TZQQ",3,3,3,3.009,3,3,1
"Muk_IM-23-120-UCWC",4,5,7,5.151,5,5,1
"Muk_IM-23-120-VAMF",1,1,1,1,1,1,0
"Muk_IM-23-120-VOCY",1,1,1,1,1,1,0
"Muk_IM-23-120-VQJX",1,1,1,1,1,1,0
"Muk_IM-23-120-VUJV",1,1,1,1,1,1,0
"Muk_IM-23-120-WMBN",1,1,1,1,3,2,0
"Muk_IM-23-120-WMFA",3,4,5,4.01,4,4,1
"Muk_IM-23-120-WMXD",4,4,4,4.008,4,4,1
"Muk_IM-23-120-WPIR",3,3,3,3,4,4,1
"Muk_IM-23-120-WWPY",2,2,2,2,2,2,1
"Muk_IM-23-120-XCOL",5,6,8,6.138,5,5,1
"Muk_IM-23-120-XDKB",1,1,1,1,1,1,0
"Muk_IM-23-120-XFHB",6,6,8,6.516,6,5,1
"Muk_IM-23-120-XVIW",6,6,7,6.175,6,6,1
"Muk_IM-23-120-XXHK",2,2,2,2.02,2,2,1
"Muk_IM-23-120-YIQX",2,2,2,2,3,3,1
"Muk_IM-23-120-YMIM",3,3,3,3.025,3,3,1
"Muk_IM-23-120-YOYF",2,2,2,2.011,2,2,1
"Muk_IM-23-120-YRUA",3,4,5,3.987,4,4,1
"Muk_IM-23-120-YTOW",3,3,4,3.076,3,3,1
"Muk_IM-23-120-YWGW",5,5,6,5.101,5,4,1
"Muk_IM-23-120-ZCIQ",2,2,4,2.142,2,2,1
"Muk_IM-23-120-ZIXH",1,1,1,1,1,1,0
"Muk_IM-23-120-ZNTD",1,1,1,1,1,1,0
"Muk_IM-23-120-ZPBC",1,1,1,1,2,1,0
"Muk_IM-23-120-ZQLV",2,2,2,2,2,2,1
"Muk_IM-23-120-ZVXR",4,5,8,5.651,5,4,1
"Muk_IM-24-120-CDOQ",3,3,5,3.272,3,3,1
"Muk_IM-24-120-CJNO",1,1,1,1.026,2,2,0.023
"Muk_IM-24-120-COPY",2,2,3,2.099,2,2,1
"Muk_IM-24-120-CPDS",5,6,7,5.718,5,5,1
"Muk_IM-24-120-CQCX",2,2,2,2,2,2,1
"Muk_IM-24-120-CQHB",2,3,5,3.165,3,3,1
"Muk_IM-24-120-CVWS",1,1,1,1,1,1,0
"Muk_IM-24-120-DCFM",3,3,3,3.005,3,3,1
"Muk_IM-24-120-DHDI",1,1,1,1,1,1,0
"Muk_IM-24-120-DUPC",2,2,3,2.13,2,2,1
"Muk_IM-24-120-DZGV",2,2,3,2.161,2,2,1
"Muk_IM-24-120-DZYC",3,3,3,3.004,3,3,1
"Muk_IM-24-120-FIUU",2,2,3,2.149,2,2,1
"Muk_IM-24-120-FJGW",1,1,1,1,1,1,0
"Muk_IM-24-120-FQBX",1,1,1,1,1,1,0
"Muk_IM-24-120-FTBA",1,2,3,2.061,2,2,0.952
"Muk_IM-24-120-FUND",2,2,3,2.085,2,2,1
"Muk_IM-24-120-FXOO",5,5,7,5.333,5,4,1
"Muk_IM-24-120-FZDK",1,1,1,1,1,1,0
"Muk_IM-24-120-GFII",2,2,3,2.125,2,2,1
"Muk_IM-24-120-GFKR",8,8,9,8.36,8,8,1
"Muk_IM-24-120-GGRM",1,1,1,1,1,1,0
"Muk_IM-24-120-GNII",2,2,3,2.03,2,2,1
"Muk_IM-24-120-GTRI",5,5,6,5.005,5,4,1
"Muk_IM-24-120-GVWI",3,3,3,3.007,3,3,1
"Muk_IM-24-120-GWKI",1,1,1,1,1,1,0
"Muk_IM-24-120-GWNT",2,2,3,2.054,2,2,1
"Muk_IM-24-120-HBMK",2,2,3,2.045,2,2,1
